date,cash,positions_value,total_value,daily_return,total_return,position_count
2019-01-04,10000000.0,0.0,10000000.0,0.0,0.0,0
2019-01-07,10000000.0,0.0,10000000.0,0.0,0.0,0
2019-01-08,10000000.0,0.0,10000000.0,0.0,0.0,0
2019-01-09,10000000.0,0.0,10000000.0,0.0,0.0,0
2019-01-10,10000000.0,0.0,10000000.0,0.0,0.0,0
2019-01-11,10000000.0,0.0,10000000.0,0.0,0.0,0
2019-01-15,10000000.0,0.0,10000000.0,0.0,0.0,0
2019-01-16,10000000.0,0.0,10000000.0,0.0,0.0,0
2019-01-17,10000000.0,0.0,10000000.0,0.0,0.0,0
2019-01-18,10000000.0,0.0,10000000.0,0.0,0.0,0
2019-01-21,10000000.0,0.0,10000000.0,0.0,0.0,0
2019-01-22,10000000.0,0.0,10000000.0,0.0,0.0,0
2019-01-23,10000000.0,0.0,10000000.0,0.0,0.0,0
2019-01-24,10000000.0,0.0,10000000.0,0.0,0.0,0
2019-01-25,10000000.0,0.0,10000000.0,0.0,0.0,0
2019-01-28,10000000.0,0.0,10000000.0,0.0,0.0,0
2019-01-29,10000000.0,0.0,10000000.0,0.0,0.0,0
2019-01-30,10000000.0,0.0,10000000.0,0.0,0.0,0
2019-01-31,10000000.0,0.0,10000000.0,0.0,0.0,0
2019-02-01,10000000.0,0.0,10000000.0,0.0,0.0,0
2019-02-04,10000000.0,0.0,10000000.0,0.0,0.0,0
2019-02-05,10000000.0,0.0,10000000.0,0.0,0.0,0
2019-02-06,10000000.0,0.0,10000000.0,0.0,0.0,0
2019-02-07,10000000.0,0.0,10000000.0,0.0,0.0,0
2019-02-08,10000000.0,0.0,10000000.0,0.0,0.0,0
2019-02-12,10000000.0,0.0,10000000.0,0.0,0.0,0
2019-02-13,10000000.0,0.0,10000000.0,0.0,0.0,0
2019-02-14,10000000.0,0.0,10000000.0,0.0,0.0,0
2019-02-15,10000000.0,0.0,10000000.0,0.0,0.0,0
2019-02-18,10000000.0,0.0,10000000.0,0.0,0.0,0
2019-02-19,10000000.0,0.0,10000000.0,0.0,0.0,0
2019-02-20,10000000.0,0.0,10000000.0,0.0,0.0,0
2019-02-21,10000000.0,0.0,10000000.0,0.0,0.0,0
2019-02-22,10000000.0,0.0,10000000.0,0.0,0.0,0
2019-02-25,10000000.0,0.0,10000000.0,0.0,0.0,0
2019-02-26,10000000.0,0.0,10000000.0,0.0,0.0,0
2019-02-27,10000000.0,0.0,10000000.0,0.0,0.0,0
2019-02-28,10000000.0,0.0,10000000.0,0.0,0.0,0
2019-03-01,10000000.0,0.0,10000000.0,0.0,0.0,0
2019-03-04,10000000.0,0.0,10000000.0,0.0,0.0,0
2019-03-05,10000000.0,0.0,10000000.0,0.0,0.0,0
2019-03-06,10000000.0,0.0,10000000.0,0.0,0.0,0
2019-03-07,10000000.0,0.0,10000000.0,0.0,0.0,0
2019-03-08,10000000.0,0.0,10000000.0,0.0,0.0,0
2019-03-11,10000000.0,0.0,10000000.0,0.0,0.0,0
2019-03-12,10000000.0,0.0,10000000.0,0.0,0.0,0
2019-03-13,10000000.0,0.0,10000000.0,0.0,0.0,0
2019-03-14,10000000.0,0.0,10000000.0,0.0,0.0,0
2019-03-15,10000000.0,0.0,10000000.0,0.0,0.0,0
2019-03-18,10000000.0,0.0,10000000.0,0.0,0.0,0
2019-03-19,10000000.0,0.0,10000000.0,0.0,0.0,0
2019-03-20,10000000.0,0.0,10000000.0,0.0,0.0,0
2019-03-22,10000000.0,0.0,10000000.0,0.0,0.0,0
2019-03-25,10000000.0,0.0,10000000.0,0.0,0.0,0
2019-03-26,2962715.106727588,13995787.628173828,16958502.734901417,0.6958502734901417,0.6958502734901417,8
2019-03-27,10585242.572440824,6410099.560546875,16995342.1329877,0.0021723260987225068,0.6995342132987701,4
2019-03-28,12170633.08801779,4746156.73828125,16916789.82629904,-0.004621990312050857,0.6916789826299041,3
2019-03-29,13196667.7857315,3739055.6640625,16935723.449794002,0.0011192208267271804,0.6935723449794002,2
2019-04-01,15003253.945456851,1989179.296875,16992433.24233185,0.003348530855854238,0.6992433242331851,1
2019-04-02,15003253.945456851,1953187.109375,16956441.05483185,-0.002118130286975948,0.6956441054831851,1
2019-04-03,15003253.945456851,1958209.765625,16961463.71108185,0.00029620934214663874,0.6961463711081851,1
2019-04-04,15003253.945456851,1961139.453125,16964393.39858185,0.00017272610134972462,0.6964393398581852,1
2019-04-05,15003253.945456851,1955698.046875,16958951.99233185,-0.00032075454289187124,0.6958951992331851,1
2019-04-08,15003253.945456851,1926402.734375,16929656.67983185,-0.0017274246965995393,0.6929656679831852,1
2019-04-09,15003253.945456851,1911754.8828125,16915008.82826935,-0.0008652184648227306,0.6915008828269351,1
2019-04-10,15003253.945456851,1910080.859375,16913334.80483185,-9.896674926366424e-05,0.6913334804831851,1
2019-04-11,15003253.945456851,1927239.84375,16930493.78920685,0.0010145240174692202,0.6930493789206851,1
2019-04-12,15003253.945456851,1915521.484375,16918775.42983185,-0.0006921451625037909,0.6918775429831852,1
2019-04-15,15003253.945456851,1932680.46875,16935934.41420685,0.0010141977737197576,0.6935934414206851,1
2019-04-16,15003253.945456851,1961976.3671875,16965230.31264435,0.0017298070316642752,0.6965230312644352,1
2019-04-17,15003253.945456851,1941050.5859375,16944304.53139435,-0.001233451056329239,0.6944304531394351,1
2019-04-18,15003253.945456851,1954442.7734375,16957696.71889435,0.0007903651327315912,0.6957696718894352,1
2019-04-19,15003253.945456851,1919287.890625,16922541.83608185,-0.002073093026444461,0.6922541836081851,1
2019-04-22,15003253.945456851,1914684.5703125,16917938.51576935,-0.00027202298313631034,0.6917938515769352,1
2019-04-23,16916814.982325193,0.0,16916814.982325193,-6.641077712343487e-05,0.6916814982325192,0
2019-04-24,16916814.982325193,0.0,16916814.982325193,0.0,0.6916814982325192,0
2019-04-25,16916814.982325193,0.0,16916814.982325193,0.0,0.6916814982325192,0
2019-04-26,16916814.982325193,0.0,16916814.982325193,0.0,0.6916814982325192,0
2019-05-07,16916814.982325193,0.0,16916814.982325193,0.0,0.6916814982325192,0
2019-05-08,16916814.982325193,0.0,16916814.982325193,0.0,0.6916814982325192,0
2019-05-09,16916814.982325193,0.0,16916814.982325193,0.0,0.6916814982325192,0
2019-05-10,16916814.982325193,0.0,16916814.982325193,0.0,0.6916814982325192,0
2019-05-13,16916814.982325193,0.0,16916814.982325193,0.0,0.6916814982325192,0
2019-05-14,16916814.982325193,0.0,16916814.982325193,0.0,0.6916814982325192,0
2019-05-15,16916814.982325193,0.0,16916814.982325193,0.0,0.6916814982325192,0
2019-05-16,16916814.982325193,0.0,16916814.982325193,0.0,0.6916814982325192,0
2019-05-17,16916814.982325193,0.0,16916814.982325193,0.0,0.6916814982325192,0
2019-05-20,16916814.982325193,0.0,16916814.982325193,0.0,0.6916814982325192,0
2019-05-21,16916814.982325193,0.0,16916814.982325193,0.0,0.6916814982325192,0
2019-05-22,16916814.982325193,0.0,16916814.982325193,0.0,0.6916814982325192,0
2019-05-23,16916814.982325193,0.0,16916814.982325193,0.0,0.6916814982325192,0
2019-05-24,16916814.982325193,0.0,16916814.982325193,0.0,0.6916814982325192,0
2019-05-27,16916814.982325193,0.0,16916814.982325193,0.0,0.6916814982325192,0
2019-05-28,16916814.982325193,0.0,16916814.982325193,0.0,0.6916814982325192,0
2019-05-29,16916814.982325193,0.0,16916814.982325193,0.0,0.6916814982325192,0
2019-05-30,16916814.982325193,0.0,16916814.982325193,0.0,0.6916814982325192,0
2019-05-31,16916814.982325193,0.0,16916814.982325193,0.0,0.6916814982325192,0
2019-06-03,16916814.982325193,0.0,16916814.982325193,0.0,0.6916814982325192,0
2019-06-04,16916814.982325193,0.0,16916814.982325193,0.0,0.6916814982325192,0
2019-06-05,16916814.982325193,0.0,16916814.982325193,0.0,0.6916814982325192,0
2019-06-06,16916814.982325193,0.0,16916814.982325193,0.0,0.6916814982325192,0
2019-06-07,16916814.982325193,0.0,16916814.982325193,0.0,0.6916814982325192,0
2019-06-10,16916814.982325193,0.0,16916814.982325193,0.0,0.6916814982325192,0
2019-06-11,16916814.982325193,0.0,16916814.982325193,0.0,0.6916814982325192,0
2019-06-12,16916814.982325193,0.0,16916814.982325193,0.0,0.6916814982325192,0
2019-06-13,16916814.982325193,0.0,16916814.982325193,0.0,0.6916814982325192,0
2019-06-14,16916814.982325193,0.0,16916814.982325193,0.0,0.6916814982325192,0
2019-06-17,16916814.982325193,0.0,16916814.982325193,0.0,0.6916814982325192,0
2019-06-18,16916814.982325193,0.0,16916814.982325193,0.0,0.6916814982325192,0
2019-06-19,16916814.982325193,0.0,16916814.982325193,0.0,0.6916814982325192,0
2019-06-20,16916814.982325193,0.0,16916814.982325193,0.0,0.6916814982325192,0
2019-06-21,16916814.982325193,0.0,16916814.982325193,0.0,0.6916814982325192,0
2019-06-24,16916814.982325193,0.0,16916814.982325193,0.0,0.6916814982325192,0
2019-06-25,16916814.982325193,0.0,16916814.982325193,0.0,0.6916814982325192,0
2019-06-26,16916814.982325193,0.0,16916814.982325193,0.0,0.6916814982325192,0
2019-06-27,16916814.982325193,0.0,16916814.982325193,0.0,0.6916814982325192,0
2019-06-28,16916814.982325193,0.0,16916814.982325193,0.0,0.6916814982325192,0
2019-07-01,16916814.982325193,0.0,16916814.982325193,0.0,0.6916814982325192,0
2019-07-02,16916814.982325193,0.0,16916814.982325193,0.0,0.6916814982325192,0
2019-07-03,16916814.982325193,0.0,16916814.982325193,0.0,0.6916814982325192,0
2019-07-04,16916814.982325193,0.0,16916814.982325193,0.0,0.6916814982325192,0
2019-07-05,16916814.982325193,0.0,16916814.982325193,0.0,0.6916814982325192,0
2019-07-08,16916814.982325193,0.0,16916814.982325193,0.0,0.6916814982325192,0
2019-07-09,16916814.982325193,0.0,16916814.982325193,0.0,0.6916814982325192,0
2019-07-10,16916814.982325193,0.0,16916814.982325193,0.0,0.6916814982325192,0
2019-07-11,16916814.982325193,0.0,16916814.982325193,0.0,0.6916814982325192,0
2019-07-12,16916814.982325193,0.0,16916814.982325193,0.0,0.6916814982325192,0
2019-07-16,16916814.982325193,0.0,16916814.982325193,0.0,0.6916814982325192,0
2019-07-17,16916814.982325193,0.0,16916814.982325193,0.0,0.6916814982325192,0
2019-07-18,16916814.982325193,0.0,16916814.982325193,0.0,0.6916814982325192,0
2019-07-19,16916814.982325193,0.0,16916814.982325193,0.0,0.6916814982325192,0
2019-07-22,16916814.982325193,0.0,16916814.982325193,0.0,0.6916814982325192,0
2019-07-23,16916814.982325193,0.0,16916814.982325193,0.0,0.6916814982325192,0
2019-07-24,16916814.982325193,0.0,16916814.982325193,0.0,0.6916814982325192,0
2019-07-25,16916814.982325193,0.0,16916814.982325193,0.0,0.6916814982325192,0
2019-07-26,16916814.982325193,0.0,16916814.982325193,0.0,0.6916814982325192,0
2019-07-29,16916814.982325193,0.0,16916814.982325193,0.0,0.6916814982325192,0
2019-07-30,16916814.982325193,0.0,16916814.982325193,0.0,0.6916814982325192,0
2019-07-31,16916814.982325193,0.0,16916814.982325193,0.0,0.6916814982325192,0
2019-08-01,16916814.982325193,0.0,16916814.982325193,0.0,0.6916814982325192,0
2019-08-02,16916814.982325193,0.0,16916814.982325193,0.0,0.6916814982325192,0
2019-08-05,16916814.982325193,0.0,16916814.982325193,0.0,0.6916814982325192,0
2019-08-06,16916814.982325193,0.0,16916814.982325193,0.0,0.6916814982325192,0
2019-08-07,16916814.982325193,0.0,16916814.982325193,0.0,0.6916814982325192,0
2019-08-08,16916814.982325193,0.0,16916814.982325193,0.0,0.6916814982325192,0
2019-08-09,16916814.982325193,0.0,16916814.982325193,0.0,0.6916814982325192,0
2019-08-13,16916814.982325193,0.0,16916814.982325193,0.0,0.6916814982325192,0
2019-08-14,16916814.982325193,0.0,16916814.982325193,0.0,0.6916814982325192,0
2019-08-15,16916814.982325193,0.0,16916814.982325193,0.0,0.6916814982325192,0
2019-08-16,16916814.982325193,0.0,16916814.982325193,0.0,0.6916814982325192,0
2019-08-19,16916814.982325193,0.0,16916814.982325193,0.0,0.6916814982325192,0
2019-08-20,16916814.982325193,0.0,16916814.982325193,0.0,0.6916814982325192,0
2019-08-21,16916814.982325193,0.0,16916814.982325193,0.0,0.6916814982325192,0
2019-08-22,16916814.982325193,0.0,16916814.982325193,0.0,0.6916814982325192,0
2019-08-23,16916814.982325193,0.0,16916814.982325193,0.0,0.6916814982325192,0
2019-08-26,16916814.982325193,0.0,16916814.982325193,0.0,0.6916814982325192,0
2019-08-27,16916814.982325193,0.0,16916814.982325193,0.0,0.6916814982325192,0
2019-08-28,16916814.982325193,0.0,16916814.982325193,0.0,0.6916814982325192,0
2019-08-29,16916814.982325193,0.0,16916814.982325193,0.0,0.6916814982325192,0
2019-08-30,16916814.982325193,0.0,16916814.982325193,0.0,0.6916814982325192,0
2019-09-02,16916814.982325193,0.0,16916814.982325193,0.0,0.6916814982325192,0
2019-09-03,16916814.982325193,0.0,16916814.982325193,0.0,0.6916814982325192,0
2019-09-04,16916814.982325193,0.0,16916814.982325193,0.0,0.6916814982325192,0
2019-09-05,16916814.982325193,0.0,16916814.982325193,0.0,0.6916814982325192,0
2019-09-06,16916814.982325193,0.0,16916814.982325193,0.0,0.6916814982325192,0
2019-09-09,16916814.982325193,0.0,16916814.982325193,0.0,0.6916814982325192,0
2019-09-10,16916814.982325193,0.0,16916814.982325193,0.0,0.6916814982325192,0
2019-09-11,16916814.982325193,0.0,16916814.982325193,0.0,0.6916814982325192,0
2019-09-12,16916814.982325193,0.0,16916814.982325193,0.0,0.6916814982325192,0
2019-09-13,16916814.982325193,0.0,16916814.982325193,0.0,0.6916814982325192,0
2019-09-17,16916814.982325193,0.0,16916814.982325193,0.0,0.6916814982325192,0
2019-09-18,16916814.982325193,0.0,16916814.982325193,0.0,0.6916814982325192,0
2019-09-19,16916814.982325193,0.0,16916814.982325193,0.0,0.6916814982325192,0
2019-09-20,16916814.982325193,0.0,16916814.982325193,0.0,0.6916814982325192,0
2019-09-24,16916814.982325193,0.0,16916814.982325193,0.0,0.6916814982325192,0
2019-09-25,16916814.982325193,0.0,16916814.982325193,0.0,0.6916814982325192,0
2019-09-26,9715348.848753387,14322519.523620605,24037868.37237399,0.4209452782624226,1.4037868372373992,8
2019-09-27,8732459.85870863,15236260.250854492,23968720.10956312,-0.002876638716032785,1.396872010956312,6
2019-09-30,11609875.299480114,12217587.844848633,23827463.144328747,-0.005893387906766603,1.3827463144328747,5
2019-10-01,13687456.578191051,10271088.134765625,23958544.712956674,0.005501280930912975,1.3958544712956675,4
2019-10-02,15666757.43513611,8311878.164672852,23978635.59980896,0.0008385687483523026,1.3978635599808962,3
2019-10-03,15666757.43513611,8209810.9375,23876568.37263611,-0.004256590277958298,1.3876568372636109,3
2019-10-04,15666757.43513611,8182575.769042969,23849333.20417908,-0.0011406651086528952,1.3849333204179077,3
2019-10-07,15666757.43513611,8205756.924438477,23872514.359574586,0.0009719833756796948,1.3872514359574586,3
2019-10-08,18725096.637467653,5249376.452636719,23974473.09010437,0.0042709673976546346,1.3974473090104371,2
2019-10-09,18725096.637467653,5210240.478515625,23935337.115983278,-0.001632401845663394,1.3935337115983277,2
2019-10-10,18725096.637467653,5218669.830322266,23943766.46778992,0.00035217184390571064,1.3943766467789918,2
2019-10-11,18725096.637467653,5228643.933105469,23953740.57057312,0.0004165636511958415,1.395374057057312,2
2019-10-15,18725096.637467653,5329283.4228515625,24054380.060319215,0.0042014101910132625,1.4054380060319216,2
2019-10-16,18725096.637467653,5362195.404052734,24087292.041520387,0.0013682323601207419,1.4087292041520387,2
2019-10-17,18725096.637467653,5370199.914550781,24095296.552018434,0.0003323125938876453,1.4095296552018435,2
2019-10-18,18725096.637467653,5373038.397216797,24098135.03468445,0.0001178023544922027,1.409813503468445,2
2019-10-21,21653392.516996462,2481067.3828125,24134459.899808962,0.0015073724614884131,1.4134459899808962,1
2019-10-23,21653392.516996462,2418722.75390625,24072115.270902712,-0.002583220389644746,1.4072115270902712,1
2019-10-24,21653392.516996462,2347719.873046875,24001112.390043337,-0.0029495904310993426,1.4001112390043338,1
2019-10-25,21653392.516996462,2318856.73828125,23972249.255277712,-0.0012025748763877559,1.3972249255277711,1
2019-10-28,23954413.17959412,0.0,23954413.17959412,-0.0007440301280726494,1.3954413179594118,0
2019-10-29,23954413.17959412,0.0,23954413.17959412,0.0,1.3954413179594118,0
2019-10-30,23954413.17959412,0.0,23954413.17959412,0.0,1.3954413179594118,0
2019-10-31,23954413.17959412,0.0,23954413.17959412,0.0,1.3954413179594118,0
2019-11-01,23954413.17959412,0.0,23954413.17959412,0.0,1.3954413179594118,0
2019-11-05,23954413.17959412,0.0,23954413.17959412,0.0,1.3954413179594118,0
2019-11-06,23954413.17959412,0.0,23954413.17959412,0.0,1.3954413179594118,0
2019-11-07,23954413.17959412,0.0,23954413.17959412,0.0,1.3954413179594118,0
2019-11-08,23954413.17959412,0.0,23954413.17959412,0.0,1.3954413179594118,0
2019-11-11,23954413.17959412,0.0,23954413.17959412,0.0,1.3954413179594118,0
2019-11-12,23954413.17959412,0.0,23954413.17959412,0.0,1.3954413179594118,0
2019-11-13,23954413.17959412,0.0,23954413.17959412,0.0,1.3954413179594118,0
2019-11-14,23954413.17959412,0.0,23954413.17959412,0.0,1.3954413179594118,0
2019-11-15,23954413.17959412,0.0,23954413.17959412,0.0,1.3954413179594118,0
2019-11-18,23954413.17959412,0.0,23954413.17959412,0.0,1.3954413179594118,0
2019-11-19,23954413.17959412,0.0,23954413.17959412,0.0,1.3954413179594118,0
2019-11-20,23954413.17959412,0.0,23954413.17959412,0.0,1.3954413179594118,0
2019-11-21,23954413.17959412,0.0,23954413.17959412,0.0,1.3954413179594118,0
2019-11-22,23954413.17959412,0.0,23954413.17959412,0.0,1.3954413179594118,0
2019-11-25,23954413.17959412,0.0,23954413.17959412,0.0,1.3954413179594118,0
2019-11-26,23954413.17959412,0.0,23954413.17959412,0.0,1.3954413179594118,0
2019-11-27,23954413.17959412,0.0,23954413.17959412,0.0,1.3954413179594118,0
2019-11-28,23954413.17959412,0.0,23954413.17959412,0.0,1.3954413179594118,0
2019-11-29,23954413.17959412,0.0,23954413.17959412,0.0,1.3954413179594118,0
2019-12-02,23954413.17959412,0.0,23954413.17959412,0.0,1.3954413179594118,0
2019-12-03,23954413.17959412,0.0,23954413.17959412,0.0,1.3954413179594118,0
2019-12-04,23954413.17959412,0.0,23954413.17959412,0.0,1.3954413179594118,0
2019-12-05,23954413.17959412,0.0,23954413.17959412,0.0,1.3954413179594118,0
2019-12-06,23954413.17959412,0.0,23954413.17959412,0.0,1.3954413179594118,0
2019-12-09,23954413.17959412,0.0,23954413.17959412,0.0,1.3954413179594118,0
2019-12-10,23954413.17959412,0.0,23954413.17959412,0.0,1.3954413179594118,0
2019-12-11,23954413.17959412,0.0,23954413.17959412,0.0,1.3954413179594118,0
2019-12-12,23954413.17959412,0.0,23954413.17959412,0.0,1.3954413179594118,0
2019-12-13,23954413.17959412,0.0,23954413.17959412,0.0,1.3954413179594118,0
2019-12-16,23954413.17959412,0.0,23954413.17959412,0.0,1.3954413179594118,0
2019-12-17,23954413.17959412,0.0,23954413.17959412,0.0,1.3954413179594118,0
2019-12-18,23954413.17959412,0.0,23954413.17959412,0.0,1.3954413179594118,0
2019-12-19,23954413.17959412,0.0,23954413.17959412,0.0,1.3954413179594118,0
2019-12-20,23954413.17959412,0.0,23954413.17959412,0.0,1.3954413179594118,0
2019-12-23,23954413.17959412,0.0,23954413.17959412,0.0,1.3954413179594118,0
2019-12-24,23954413.17959412,0.0,23954413.17959412,0.0,1.3954413179594118,0
2019-12-25,23954413.17959412,0.0,23954413.17959412,0.0,1.3954413179594118,0
2019-12-26,23954413.17959412,0.0,23954413.17959412,0.0,1.3954413179594118,0
2019-12-27,23954413.17959412,0.0,23954413.17959412,0.0,1.3954413179594118,0
2019-12-30,23954413.17959412,0.0,23954413.17959412,0.0,1.3954413179594118,0
2020-01-06,23954413.17959412,0.0,23954413.17959412,0.0,1.3954413179594118,0
2020-01-07,23954413.17959412,0.0,23954413.17959412,0.0,1.3954413179594118,0
2020-01-08,23954413.17959412,0.0,23954413.17959412,0.0,1.3954413179594118,0
2020-01-09,23954413.17959412,0.0,23954413.17959412,0.0,1.3954413179594118,0
2020-01-10,23954413.17959412,0.0,23954413.17959412,0.0,1.3954413179594118,0
2020-01-14,23954413.17959412,0.0,23954413.17959412,0.0,1.3954413179594118,0
2020-01-15,23954413.17959412,0.0,23954413.17959412,0.0,1.3954413179594118,0
2020-01-16,23954413.17959412,0.0,23954413.17959412,0.0,1.3954413179594118,0
2020-01-17,23954413.17959412,0.0,23954413.17959412,0.0,1.3954413179594118,0
2020-01-20,23954413.17959412,0.0,23954413.17959412,0.0,1.3954413179594118,0
2020-01-21,23954413.17959412,0.0,23954413.17959412,0.0,1.3954413179594118,0
2020-01-22,23954413.17959412,0.0,23954413.17959412,0.0,1.3954413179594118,0
2020-01-23,23954413.17959412,0.0,23954413.17959412,0.0,1.3954413179594118,0
2020-01-24,23954413.17959412,0.0,23954413.17959412,0.0,1.3954413179594118,0
2020-01-27,23954413.17959412,0.0,23954413.17959412,0.0,1.3954413179594118,0
2020-01-28,23954413.17959412,0.0,23954413.17959412,0.0,1.3954413179594118,0
2020-01-29,23954413.17959412,0.0,23954413.17959412,0.0,1.3954413179594118,0
2020-01-30,23954413.17959412,0.0,23954413.17959412,0.0,1.3954413179594118,0
2020-01-31,23954413.17959412,0.0,23954413.17959412,0.0,1.3954413179594118,0
2020-02-03,23954413.17959412,0.0,23954413.17959412,0.0,1.3954413179594118,0
2020-02-04,23954413.17959412,0.0,23954413.17959412,0.0,1.3954413179594118,0
2020-02-05,23954413.17959412,0.0,23954413.17959412,0.0,1.3954413179594118,0
2020-02-06,23954413.17959412,0.0,23954413.17959412,0.0,1.3954413179594118,0
2020-02-07,23954413.17959412,0.0,23954413.17959412,0.0,1.3954413179594118,0
2020-02-10,23954413.17959412,0.0,23954413.17959412,0.0,1.3954413179594118,0
2020-02-12,23954413.17959412,0.0,23954413.17959412,0.0,1.3954413179594118,0
2020-02-13,23954413.17959412,0.0,23954413.17959412,0.0,1.3954413179594118,0
2020-02-14,23954413.17959412,0.0,23954413.17959412,0.0,1.3954413179594118,0
2020-02-17,23954413.17959412,0.0,23954413.17959412,0.0,1.3954413179594118,0
2020-02-18,23954413.17959412,0.0,23954413.17959412,0.0,1.3954413179594118,0
2020-02-19,23954413.17959412,0.0,23954413.17959412,0.0,1.3954413179594118,0
2020-02-20,23954413.17959412,0.0,23954413.17959412,0.0,1.3954413179594118,0
2020-02-21,23954413.17959412,0.0,23954413.17959412,0.0,1.3954413179594118,0
2020-02-25,23954413.17959412,0.0,23954413.17959412,0.0,1.3954413179594118,0
2020-02-26,23954413.17959412,0.0,23954413.17959412,0.0,1.3954413179594118,0
2020-02-27,23954413.17959412,0.0,23954413.17959412,0.0,1.3954413179594118,0
2020-02-28,23954413.17959412,0.0,23954413.17959412,0.0,1.3954413179594118,0
2020-03-02,23954413.17959412,0.0,23954413.17959412,0.0,1.3954413179594118,0
2020-03-03,23954413.17959412,0.0,23954413.17959412,0.0,1.3954413179594118,0
2020-03-04,23954413.17959412,0.0,23954413.17959412,0.0,1.3954413179594118,0
2020-03-05,23954413.17959412,0.0,23954413.17959412,0.0,1.3954413179594118,0
2020-03-06,23954413.17959412,0.0,23954413.17959412,0.0,1.3954413179594118,0
2020-03-09,23954413.17959412,0.0,23954413.17959412,0.0,1.3954413179594118,0
2020-03-10,23954413.17959412,0.0,23954413.17959412,0.0,1.3954413179594118,0
2020-03-11,23954413.17959412,0.0,23954413.17959412,0.0,1.3954413179594118,0
2020-03-12,23954413.17959412,0.0,23954413.17959412,0.0,1.3954413179594118,0
2020-03-13,23954413.17959412,0.0,23954413.17959412,0.0,1.3954413179594118,0
2020-03-16,23954413.17959412,0.0,23954413.17959412,0.0,1.3954413179594118,0
2020-03-17,23954413.17959412,0.0,23954413.17959412,0.0,1.3954413179594118,0
2020-03-18,23954413.17959412,0.0,23954413.17959412,0.0,1.3954413179594118,0
2020-03-19,23954413.17959412,0.0,23954413.17959412,0.0,1.3954413179594118,0
2020-03-23,23954413.17959412,0.0,23954413.17959412,0.0,1.3954413179594118,0
2020-03-24,23954413.17959412,0.0,23954413.17959412,0.0,1.3954413179594118,0
2020-03-25,23954413.17959412,0.0,23954413.17959412,0.0,1.3954413179594118,0
2020-03-26,23954413.17959412,0.0,23954413.17959412,0.0,1.3954413179594118,0
2020-03-27,15775443.23943451,16315409.062194824,32090852.301629335,0.33966347081991344,2.2090852301629336,9
2020-03-30,12881797.461868446,18952976.193237305,31834773.65510575,-0.007979801973367404,2.183477365510575,7
2020-03-31,12881797.461868446,18573134.55505371,31454932.016922157,-0.011931658201775016,2.145493201692216,7
2020-04-01,15131199.620120399,15587486.618041992,30718686.23816239,-0.023406370052355546,2.071868623816239,6
2020-04-02,15131199.620120399,15570570.977783203,30701770.5979036,-0.0005506628808159917,2.0701770597903604,6
2020-04-03,20315492.982687537,10250303.503417969,30565796.486105505,-0.00442886873134871,2.0565796486105508,4
2020-04-06,25606897.65463578,5615868.1640625,31222765.81869828,0.021493610771484952,2.122276581869828,2
2020-04-07,31403519.43288285,0.0,31403519.43288285,0.005789160871722716,2.1403519432882847,0
2020-04-08,31403519.43288285,0.0,31403519.43288285,0.0,2.1403519432882847,0
2020-04-09,31403519.43288285,0.0,31403519.43288285,0.0,2.1403519432882847,0
2020-04-10,31403519.43288285,0.0,31403519.43288285,0.0,2.1403519432882847,0
2020-04-13,31403519.43288285,0.0,31403519.43288285,0.0,2.1403519432882847,0
2020-04-14,31403519.43288285,0.0,31403519.43288285,0.0,2.1403519432882847,0
2020-04-15,31403519.43288285,0.0,31403519.43288285,0.0,2.1403519432882847,0
2020-04-16,31403519.43288285,0.0,31403519.43288285,0.0,2.1403519432882847,0
2020-04-17,31403519.43288285,0.0,31403519.43288285,0.0,2.1403519432882847,0
2020-04-20,31403519.43288285,0.0,31403519.43288285,0.0,2.1403519432882847,0
2020-04-21,31403519.43288285,0.0,31403519.43288285,0.0,2.1403519432882847,0
2020-04-22,31403519.43288285,0.0,31403519.43288285,0.0,2.1403519432882847,0
2020-04-23,31403519.43288285,0.0,31403519.43288285,0.0,2.1403519432882847,0
2020-04-24,31403519.43288285,0.0,31403519.43288285,0.0,2.1403519432882847,0
2020-04-27,31403519.43288285,0.0,31403519.43288285,0.0,2.1403519432882847,0
2020-04-28,31403519.43288285,0.0,31403519.43288285,0.0,2.1403519432882847,0
2020-04-30,31403519.43288285,0.0,31403519.43288285,0.0,2.1403519432882847,0
2020-05-01,31403519.43288285,0.0,31403519.43288285,0.0,2.1403519432882847,0
2020-05-07,31403519.43288285,0.0,31403519.43288285,0.0,2.1403519432882847,0
2020-05-08,31403519.43288285,0.0,31403519.43288285,0.0,2.1403519432882847,0
2020-05-11,31403519.43288285,0.0,31403519.43288285,0.0,2.1403519432882847,0
2020-05-12,31403519.43288285,0.0,31403519.43288285,0.0,2.1403519432882847,0
2020-05-13,31403519.43288285,0.0,31403519.43288285,0.0,2.1403519432882847,0
2020-05-14,31403519.43288285,0.0,31403519.43288285,0.0,2.1403519432882847,0
2020-05-15,31403519.43288285,0.0,31403519.43288285,0.0,2.1403519432882847,0
2020-05-18,31403519.43288285,0.0,31403519.43288285,0.0,2.1403519432882847,0
2020-05-19,31403519.43288285,0.0,31403519.43288285,0.0,2.1403519432882847,0
2020-05-20,31403519.43288285,0.0,31403519.43288285,0.0,2.1403519432882847,0
2020-05-21,31403519.43288285,0.0,31403519.43288285,0.0,2.1403519432882847,0
2020-05-22,31403519.43288285,0.0,31403519.43288285,0.0,2.1403519432882847,0
2020-05-25,31403519.43288285,0.0,31403519.43288285,0.0,2.1403519432882847,0
2020-05-26,31403519.43288285,0.0,31403519.43288285,0.0,2.1403519432882847,0
2020-05-27,31403519.43288285,0.0,31403519.43288285,0.0,2.1403519432882847,0
2020-05-28,31403519.43288285,0.0,31403519.43288285,0.0,2.1403519432882847,0
2020-05-29,31403519.43288285,0.0,31403519.43288285,0.0,2.1403519432882847,0
2020-06-01,31403519.43288285,0.0,31403519.43288285,0.0,2.1403519432882847,0
2020-06-02,31403519.43288285,0.0,31403519.43288285,0.0,2.1403519432882847,0
2020-06-03,31403519.43288285,0.0,31403519.43288285,0.0,2.1403519432882847,0
2020-06-04,31403519.43288285,0.0,31403519.43288285,0.0,2.1403519432882847,0
2020-06-05,31403519.43288285,0.0,31403519.43288285,0.0,2.1403519432882847,0
2020-06-08,31403519.43288285,0.0,31403519.43288285,0.0,2.1403519432882847,0
2020-06-09,31403519.43288285,0.0,31403519.43288285,0.0,2.1403519432882847,0
2020-06-10,31403519.43288285,0.0,31403519.43288285,0.0,2.1403519432882847,0
2020-06-11,31403519.43288285,0.0,31403519.43288285,0.0,2.1403519432882847,0
2020-06-12,31403519.43288285,0.0,31403519.43288285,0.0,2.1403519432882847,0
2020-06-15,31403519.43288285,0.0,31403519.43288285,0.0,2.1403519432882847,0
2020-06-16,31403519.43288285,0.0,31403519.43288285,0.0,2.1403519432882847,0
2020-06-17,31403519.43288285,0.0,31403519.43288285,0.0,2.1403519432882847,0
2020-06-18,31403519.43288285,0.0,31403519.43288285,0.0,2.1403519432882847,0
2020-06-19,31403519.43288285,0.0,31403519.43288285,0.0,2.1403519432882847,0
2020-06-22,31403519.43288285,0.0,31403519.43288285,0.0,2.1403519432882847,0
2020-06-23,31403519.43288285,0.0,31403519.43288285,0.0,2.1403519432882847,0
2020-06-24,31403519.43288285,0.0,31403519.43288285,0.0,2.1403519432882847,0
2020-06-25,31403519.43288285,0.0,31403519.43288285,0.0,2.1403519432882847,0
2020-06-26,31403519.43288285,0.0,31403519.43288285,0.0,2.1403519432882847,0
2020-06-29,31403519.43288285,0.0,31403519.43288285,0.0,2.1403519432882847,0
2020-06-30,31403519.43288285,0.0,31403519.43288285,0.0,2.1403519432882847,0
2020-07-01,31403519.43288285,0.0,31403519.43288285,0.0,2.1403519432882847,0
2020-07-02,31403519.43288285,0.0,31403519.43288285,0.0,2.1403519432882847,0
2020-07-03,31403519.43288285,0.0,31403519.43288285,0.0,2.1403519432882847,0
2020-07-06,31403519.43288285,0.0,31403519.43288285,0.0,2.1403519432882847,0
2020-07-07,31403519.43288285,0.0,31403519.43288285,0.0,2.1403519432882847,0
2020-07-08,31403519.43288285,0.0,31403519.43288285,0.0,2.1403519432882847,0
2020-07-09,31403519.43288285,0.0,31403519.43288285,0.0,2.1403519432882847,0
2020-07-10,31403519.43288285,0.0,31403519.43288285,0.0,2.1403519432882847,0
2020-07-13,31403519.43288285,0.0,31403519.43288285,0.0,2.1403519432882847,0
2020-07-14,31403519.43288285,0.0,31403519.43288285,0.0,2.1403519432882847,0
2020-07-15,31403519.43288285,0.0,31403519.43288285,0.0,2.1403519432882847,0
2020-07-16,31403519.43288285,0.0,31403519.43288285,0.0,2.1403519432882847,0
2020-07-17,31403519.43288285,0.0,31403519.43288285,0.0,2.1403519432882847,0
2020-07-20,31403519.43288285,0.0,31403519.43288285,0.0,2.1403519432882847,0
2020-07-21,31403519.43288285,0.0,31403519.43288285,0.0,2.1403519432882847,0
2020-07-22,31403519.43288285,0.0,31403519.43288285,0.0,2.1403519432882847,0
2020-07-27,31403519.43288285,0.0,31403519.43288285,0.0,2.1403519432882847,0
2020-07-28,31403519.43288285,0.0,31403519.43288285,0.0,2.1403519432882847,0
2020-07-29,31403519.43288285,0.0,31403519.43288285,0.0,2.1403519432882847,0
2020-07-30,31403519.43288285,0.0,31403519.43288285,0.0,2.1403519432882847,0
2020-07-31,31403519.43288285,0.0,31403519.43288285,0.0,2.1403519432882847,0
2020-08-03,31403519.43288285,0.0,31403519.43288285,0.0,2.1403519432882847,0
2020-08-04,31403519.43288285,0.0,31403519.43288285,0.0,2.1403519432882847,0
2020-08-05,31403519.43288285,0.0,31403519.43288285,0.0,2.1403519432882847,0
2020-08-06,31403519.43288285,0.0,31403519.43288285,0.0,2.1403519432882847,0
2020-08-07,31403519.43288285,0.0,31403519.43288285,0.0,2.1403519432882847,0
2020-08-11,31403519.43288285,0.0,31403519.43288285,0.0,2.1403519432882847,0
2020-08-12,31403519.43288285,0.0,31403519.43288285,0.0,2.1403519432882847,0
2020-08-13,31403519.43288285,0.0,31403519.43288285,0.0,2.1403519432882847,0
2020-08-14,31403519.43288285,0.0,31403519.43288285,0.0,2.1403519432882847,0
2020-08-17,31403519.43288285,0.0,31403519.43288285,0.0,2.1403519432882847,0
2020-08-18,31403519.43288285,0.0,31403519.43288285,0.0,2.1403519432882847,0
2020-08-19,31403519.43288285,0.0,31403519.43288285,0.0,2.1403519432882847,0
2020-08-20,31403519.43288285,0.0,31403519.43288285,0.0,2.1403519432882847,0
2020-08-21,31403519.43288285,0.0,31403519.43288285,0.0,2.1403519432882847,0
2020-08-24,31403519.43288285,0.0,31403519.43288285,0.0,2.1403519432882847,0
2020-08-25,31403519.43288285,0.0,31403519.43288285,0.0,2.1403519432882847,0
2020-08-26,31403519.43288285,0.0,31403519.43288285,0.0,2.1403519432882847,0
2020-08-27,31403519.43288285,0.0,31403519.43288285,0.0,2.1403519432882847,0
2020-08-28,31403519.43288285,0.0,31403519.43288285,0.0,2.1403519432882847,0
2020-08-31,31403519.43288285,0.0,31403519.43288285,0.0,2.1403519432882847,0
2020-09-01,31403519.43288285,0.0,31403519.43288285,0.0,2.1403519432882847,0
2020-09-02,31403519.43288285,0.0,31403519.43288285,0.0,2.1403519432882847,0
2020-09-03,31403519.43288285,0.0,31403519.43288285,0.0,2.1403519432882847,0
2020-09-04,31403519.43288285,0.0,31403519.43288285,0.0,2.1403519432882847,0
2020-09-07,31403519.43288285,0.0,31403519.43288285,0.0,2.1403519432882847,0
2020-09-08,31403519.43288285,0.0,31403519.43288285,0.0,2.1403519432882847,0
2020-09-09,31403519.43288285,0.0,31403519.43288285,0.0,2.1403519432882847,0
2020-09-10,31403519.43288285,0.0,31403519.43288285,0.0,2.1403519432882847,0
2020-09-11,31403519.43288285,0.0,31403519.43288285,0.0,2.1403519432882847,0
2020-09-14,31403519.43288285,0.0,31403519.43288285,0.0,2.1403519432882847,0
2020-09-15,31403519.43288285,0.0,31403519.43288285,0.0,2.1403519432882847,0
2020-09-16,31403519.43288285,0.0,31403519.43288285,0.0,2.1403519432882847,0
2020-09-17,31403519.43288285,0.0,31403519.43288285,0.0,2.1403519432882847,0
2020-09-18,31403519.43288285,0.0,31403519.43288285,0.0,2.1403519432882847,0
2020-09-23,31403519.43288285,0.0,31403519.43288285,0.0,2.1403519432882847,0
2020-09-24,31403519.43288285,0.0,31403519.43288285,0.0,2.1403519432882847,0
2020-09-25,31403519.43288285,0.0,31403519.43288285,0.0,2.1403519432882847,0
2020-09-28,23837584.89271925,15046734.698486328,38884319.59120558,0.2382153431659489,2.8884319591205583,9
2020-09-29,28760060.604362965,10096939.4821167,38857000.086479664,-0.0007025841010754626,2.8857000086479663,4
2020-09-30,28760060.604362965,9877784.048461914,38637844.65282488,-0.0056400502655129196,2.863784465282488,4
2020-10-01,28760060.604362965,9877784.048461914,38637844.65282488,0.0,2.863784465282488,4
2020-10-02,28760060.604362965,9885960.209655762,38646020.81401873,0.00021161017824139638,2.8646020814018724,4
2020-10-05,28760060.604362965,9975844.906616211,38735905.510979176,0.002325846104389713,2.8735905510979176,4
2020-10-06,30435081.795110308,8393910.899353027,38828992.694463335,0.002403123981644758,2.8828992694463333,3
2020-10-07,36382606.325843036,2589276.9287109375,38971883.25455397,0.0036799965740809343,2.897188325455397,1
2020-10-08,36382606.325843036,2600738.7451171875,38983345.07096022,0.00029410476089606615,2.8983345070960223,1
2020-10-09,36382606.325843036,2575966.845703125,38958573.17154616,-0.0006354482758975903,2.8958573171546163,1
2020-10-12,36382606.325843036,2555260.8764648438,38937867.20230788,-0.0005314868475061117,2.893786720230788,1
2020-10-13,36382606.325843036,2599260.1318359375,38981866.45767897,0.001129986271268753,2.8981866457678973,1
2020-10-14,36382606.325843036,2564134.6069335938,38946740.93277663,-0.0009010734501509337,2.894674093277663,1
2020-10-15,36382606.325843036,2556739.74609375,38939346.071936786,-0.00018987110763921236,2.8939346071936787,1
2020-10-16,36382606.325843036,2524942.6391601562,38907548.96500319,-0.0008165804036578216,2.890754896500319,1
2020-10-19,36382606.325843036,2567832.1655273438,38950438.49137038,0.0011023445965657214,2.895043849137038,1
2020-10-20,36382606.325843036,2550084.7045898438,38932691.03043288,-0.00045564213459193837,2.8932691030432878,1
2020-10-21,36382606.325843036,2591495.1049804688,38974101.430823505,0.0010636408451256386,2.8974101430823507,1
2020-10-22,36382606.325843036,2575596.4233398438,38958202.74918288,-0.00040792939559733345,2.895820274918288,1
2020-10-23,36382606.325843036,2578184.5092773438,38960790.83512038,6.643237508060567e-05,2.896079083512038,1
2020-10-26,38960807.53934401,0.0,38960807.53934401,4.287444703959867e-07,2.896080753934401,0
2020-10-27,38960807.53934401,0.0,38960807.53934401,0.0,2.896080753934401,0
2020-10-28,38960807.53934401,0.0,38960807.53934401,0.0,2.896080753934401,0
2020-10-29,38960807.53934401,0.0,38960807.53934401,0.0,2.896080753934401,0
2020-10-30,38960807.53934401,0.0,38960807.53934401,0.0,2.896080753934401,0
2020-11-02,38960807.53934401,0.0,38960807.53934401,0.0,2.896080753934401,0
2020-11-04,38960807.53934401,0.0,38960807.53934401,0.0,2.896080753934401,0
2020-11-05,38960807.53934401,0.0,38960807.53934401,0.0,2.896080753934401,0
2020-11-06,38960807.53934401,0.0,38960807.53934401,0.0,2.896080753934401,0
2020-11-09,38960807.53934401,0.0,38960807.53934401,0.0,2.896080753934401,0
2020-11-10,38960807.53934401,0.0,38960807.53934401,0.0,2.896080753934401,0
2020-11-11,38960807.53934401,0.0,38960807.53934401,0.0,2.896080753934401,0
2020-11-12,38960807.53934401,0.0,38960807.53934401,0.0,2.896080753934401,0
2020-11-13,38960807.53934401,0.0,38960807.53934401,0.0,2.896080753934401,0
2020-11-16,38960807.53934401,0.0,38960807.53934401,0.0,2.896080753934401,0
2020-11-17,38960807.53934401,0.0,38960807.53934401,0.0,2.896080753934401,0
2020-11-18,38960807.53934401,0.0,38960807.53934401,0.0,2.896080753934401,0
2020-11-19,38960807.53934401,0.0,38960807.53934401,0.0,2.896080753934401,0
2020-11-20,38960807.53934401,0.0,38960807.53934401,0.0,2.896080753934401,0
2020-11-24,38960807.53934401,0.0,38960807.53934401,0.0,2.896080753934401,0
2020-11-25,38960807.53934401,0.0,38960807.53934401,0.0,2.896080753934401,0
2020-11-26,38960807.53934401,0.0,38960807.53934401,0.0,2.896080753934401,0
2020-11-27,38960807.53934401,0.0,38960807.53934401,0.0,2.896080753934401,0
2020-11-30,38960807.53934401,0.0,38960807.53934401,0.0,2.896080753934401,0
2020-12-01,38960807.53934401,0.0,38960807.53934401,0.0,2.896080753934401,0
2020-12-02,38960807.53934401,0.0,38960807.53934401,0.0,2.896080753934401,0
2020-12-03,38960807.53934401,0.0,38960807.53934401,0.0,2.896080753934401,0
2020-12-04,38960807.53934401,0.0,38960807.53934401,0.0,2.896080753934401,0
2020-12-07,38960807.53934401,0.0,38960807.53934401,0.0,2.896080753934401,0
2020-12-08,38960807.53934401,0.0,38960807.53934401,0.0,2.896080753934401,0
2020-12-09,38960807.53934401,0.0,38960807.53934401,0.0,2.896080753934401,0
2020-12-10,38960807.53934401,0.0,38960807.53934401,0.0,2.896080753934401,0
2020-12-11,38960807.53934401,0.0,38960807.53934401,0.0,2.896080753934401,0
2020-12-14,38960807.53934401,0.0,38960807.53934401,0.0,2.896080753934401,0
2020-12-15,38960807.53934401,0.0,38960807.53934401,0.0,2.896080753934401,0
2020-12-16,38960807.53934401,0.0,38960807.53934401,0.0,2.896080753934401,0
2020-12-17,38960807.53934401,0.0,38960807.53934401,0.0,2.896080753934401,0
2020-12-18,38960807.53934401,0.0,38960807.53934401,0.0,2.896080753934401,0
2020-12-21,38960807.53934401,0.0,38960807.53934401,0.0,2.896080753934401,0
2020-12-22,38960807.53934401,0.0,38960807.53934401,0.0,2.896080753934401,0
2020-12-23,38960807.53934401,0.0,38960807.53934401,0.0,2.896080753934401,0
2020-12-24,38960807.53934401,0.0,38960807.53934401,0.0,2.896080753934401,0
2020-12-25,38960807.53934401,0.0,38960807.53934401,0.0,2.896080753934401,0
2020-12-28,38960807.53934401,0.0,38960807.53934401,0.0,2.896080753934401,0
2020-12-29,38960807.53934401,0.0,38960807.53934401,0.0,2.896080753934401,0
2020-12-30,38960807.53934401,0.0,38960807.53934401,0.0,2.896080753934401,0
2021-01-04,38960807.53934401,0.0,38960807.53934401,0.0,2.896080753934401,0
2021-01-05,38960807.53934401,0.0,38960807.53934401,0.0,2.896080753934401,0
2021-01-06,38960807.53934401,0.0,38960807.53934401,0.0,2.896080753934401,0
2021-01-07,38960807.53934401,0.0,38960807.53934401,0.0,2.896080753934401,0
2021-01-08,38960807.53934401,0.0,38960807.53934401,0.0,2.896080753934401,0
2021-01-12,38960807.53934401,0.0,38960807.53934401,0.0,2.896080753934401,0
2021-01-13,38960807.53934401,0.0,38960807.53934401,0.0,2.896080753934401,0
2021-01-14,38960807.53934401,0.0,38960807.53934401,0.0,2.896080753934401,0
2021-01-15,38960807.53934401,0.0,38960807.53934401,0.0,2.896080753934401,0
2021-01-18,38960807.53934401,0.0,38960807.53934401,0.0,2.896080753934401,0
2021-01-19,38960807.53934401,0.0,38960807.53934401,0.0,2.896080753934401,0
2021-01-20,38960807.53934401,0.0,38960807.53934401,0.0,2.896080753934401,0
2021-01-21,38960807.53934401,0.0,38960807.53934401,0.0,2.896080753934401,0
2021-01-22,38960807.53934401,0.0,38960807.53934401,0.0,2.896080753934401,0
2021-01-25,38960807.53934401,0.0,38960807.53934401,0.0,2.896080753934401,0
2021-01-26,38960807.53934401,0.0,38960807.53934401,0.0,2.896080753934401,0
2021-01-27,38960807.53934401,0.0,38960807.53934401,0.0,2.896080753934401,0
2021-01-28,38960807.53934401,0.0,38960807.53934401,0.0,2.896080753934401,0
2021-01-29,38960807.53934401,0.0,38960807.53934401,0.0,2.896080753934401,0
2021-02-01,38960807.53934401,0.0,38960807.53934401,0.0,2.896080753934401,0
2021-02-02,38960807.53934401,0.0,38960807.53934401,0.0,2.896080753934401,0
2021-02-03,38960807.53934401,0.0,38960807.53934401,0.0,2.896080753934401,0
2021-02-04,38960807.53934401,0.0,38960807.53934401,0.0,2.896080753934401,0
2021-02-05,38960807.53934401,0.0,38960807.53934401,0.0,2.896080753934401,0
2021-02-08,38960807.53934401,0.0,38960807.53934401,0.0,2.896080753934401,0
2021-02-09,38960807.53934401,0.0,38960807.53934401,0.0,2.896080753934401,0
2021-02-10,38960807.53934401,0.0,38960807.53934401,0.0,2.896080753934401,0
2021-02-12,38960807.53934401,0.0,38960807.53934401,0.0,2.896080753934401,0
2021-02-15,38960807.53934401,0.0,38960807.53934401,0.0,2.896080753934401,0
2021-02-16,38960807.53934401,0.0,38960807.53934401,0.0,2.896080753934401,0
2021-02-17,38960807.53934401,0.0,38960807.53934401,0.0,2.896080753934401,0
2021-02-18,38960807.53934401,0.0,38960807.53934401,0.0,2.896080753934401,0
2021-02-19,38960807.53934401,0.0,38960807.53934401,0.0,2.896080753934401,0
2021-02-22,38960807.53934401,0.0,38960807.53934401,0.0,2.896080753934401,0
2021-02-24,38960807.53934401,0.0,38960807.53934401,0.0,2.896080753934401,0
2021-02-25,38960807.53934401,0.0,38960807.53934401,0.0,2.896080753934401,0
2021-02-26,38960807.53934401,0.0,38960807.53934401,0.0,2.896080753934401,0
2021-03-01,38960807.53934401,0.0,38960807.53934401,0.0,2.896080753934401,0
2021-03-02,38960807.53934401,0.0,38960807.53934401,0.0,2.896080753934401,0
2021-03-03,38960807.53934401,0.0,38960807.53934401,0.0,2.896080753934401,0
2021-03-04,38960807.53934401,0.0,38960807.53934401,0.0,2.896080753934401,0
2021-03-05,38960807.53934401,0.0,38960807.53934401,0.0,2.896080753934401,0
2021-03-08,38960807.53934401,0.0,38960807.53934401,0.0,2.896080753934401,0
2021-03-09,38960807.53934401,0.0,38960807.53934401,0.0,2.896080753934401,0
2021-03-10,38960807.53934401,0.0,38960807.53934401,0.0,2.896080753934401,0
2021-03-11,38960807.53934401,0.0,38960807.53934401,0.0,2.896080753934401,0
2021-03-12,38960807.53934401,0.0,38960807.53934401,0.0,2.896080753934401,0
2021-03-15,38960807.53934401,0.0,38960807.53934401,0.0,2.896080753934401,0
2021-03-16,38960807.53934401,0.0,38960807.53934401,0.0,2.896080753934401,0
2021-03-17,38960807.53934401,0.0,38960807.53934401,0.0,2.896080753934401,0
2021-03-18,38960807.53934401,0.0,38960807.53934401,0.0,2.896080753934401,0
2021-03-19,38960807.53934401,0.0,38960807.53934401,0.0,2.896080753934401,0
2021-03-22,38960807.53934401,0.0,38960807.53934401,0.0,2.896080753934401,0
2021-03-23,38960807.53934401,0.0,38960807.53934401,0.0,2.896080753934401,0
2021-03-24,38960807.53934401,0.0,38960807.53934401,0.0,2.896080753934401,0
2021-03-25,38960807.53934401,0.0,38960807.53934401,0.0,2.896080753934401,0
2021-03-26,38960807.53934401,0.0,38960807.53934401,0.0,2.896080753934401,0
2021-03-29,33368442.00769327,11121422.033691406,44489864.041384675,0.14191329315895784,3.4489864041384672,7
2021-03-30,38204245.65616649,6339343.75,44543589.40616649,0.0012075866253903644,3.4543589406166486,4
2021-03-31,40043865.49230327,4411870.703125,44455736.19542827,-0.0019722975159711126,3.445573619542827,3
2021-04-01,40043865.49230327,4466799.169921875,44510664.66222514,0.0012355765869090192,3.4510664662225143,3
2021-04-02,41461756.35501669,3058203.955078125,44519960.31009482,0.00020884091352527673,3.451996031009482,2
2021-04-05,42595579.6707415,1943201.07421875,44538780.74496025,0.00042274150143755855,3.453878074496025,1
2021-04-06,42595579.6707415,1916489.208984375,44512068.87972587,-0.000599743971154791,3.4512068879725875,1
2021-04-07,42595579.6707415,1927985.44921875,44523565.11996025,0.00025827243090943474,3.4523565119960247,1
2021-04-08,42595579.6707415,1881324.462890625,44476904.13363212,-0.0010480065152555927,3.4476904133632122,1
2021-04-09,42595579.6707415,1925956.787109375,44521536.45785087,0.0010034943998046921,3.452153645785087,1
2021-04-12,42595579.6707415,1935086.279296875,44530665.95003837,0.0002050578868980187,3.4530665950038375,1
2021-04-13,42595579.6707415,1908374.4140625,44503954.084804,-0.0005998532621170464,3.4503954084804,1
2021-04-14,42595579.6707415,1912093.798828125,44507673.46956962,8.357425406599983e-05,3.450767346956962,1
2021-04-15,42595579.6707415,1931366.89453125,44526946.56527275,0.000433028603849676,3.452694656527275,1
2021-04-16,42595579.6707415,1938129.345703125,44533709.01644462,0.00015187322943786,3.4533709016444623,1
2021-04-19,42595579.6707415,1907360.009765625,44502939.68050712,-0.0006909223735696041,3.4502939680507123,1
2021-04-20,42595579.6707415,1895525.68359375,44491105.35433525,-0.0002659223470816826,3.4491105354335247,1
2021-04-21,42595579.6707415,1878281.25,44473860.9207415,-0.0003875928335880216,3.44738609207415,1
2021-04-22,42595579.6707415,1890453.80859375,44486033.47933525,0.00027370141340872484,3.448603347933525,1
2021-04-23,42595579.6707415,1896201.85546875,44491781.52621025,0.00012921014586904215,3.449178152621025,1
2021-04-26,44469747.964154884,0.0,44469747.964154884,-0.0004952276869916798,3.446974796415488,0
2021-04-27,44469747.964154884,0.0,44469747.964154884,0.0,3.446974796415488,0
2021-04-28,44469747.964154884,0.0,44469747.964154884,0.0,3.446974796415488,0
2021-04-30,44469747.964154884,0.0,44469747.964154884,0.0,3.446974796415488,0
2021-05-06,44469747.964154884,0.0,44469747.964154884,0.0,3.446974796415488,0
2021-05-07,44469747.964154884,0.0,44469747.964154884,0.0,3.446974796415488,0
2021-05-10,44469747.964154884,0.0,44469747.964154884,0.0,3.446974796415488,0
2021-05-11,44469747.964154884,0.0,44469747.964154884,0.0,3.446974796415488,0
2021-05-12,44469747.964154884,0.0,44469747.964154884,0.0,3.446974796415488,0
2021-05-13,44469747.964154884,0.0,44469747.964154884,0.0,3.446974796415488,0
2021-05-14,44469747.964154884,0.0,44469747.964154884,0.0,3.446974796415488,0
2021-05-17,44469747.964154884,0.0,44469747.964154884,0.0,3.446974796415488,0
2021-05-18,44469747.964154884,0.0,44469747.964154884,0.0,3.446974796415488,0
2021-05-19,44469747.964154884,0.0,44469747.964154884,0.0,3.446974796415488,0
2021-05-20,44469747.964154884,0.0,44469747.964154884,0.0,3.446974796415488,0
2021-05-21,44469747.964154884,0.0,44469747.964154884,0.0,3.446974796415488,0
2021-05-24,44469747.964154884,0.0,44469747.964154884,0.0,3.446974796415488,0
2021-05-25,44469747.964154884,0.0,44469747.964154884,0.0,3.446974796415488,0
2021-05-26,44469747.964154884,0.0,44469747.964154884,0.0,3.446974796415488,0
2021-05-27,44469747.964154884,0.0,44469747.964154884,0.0,3.446974796415488,0
2021-05-28,44469747.964154884,0.0,44469747.964154884,0.0,3.446974796415488,0
2021-05-31,44469747.964154884,0.0,44469747.964154884,0.0,3.446974796415488,0
2021-06-01,44469747.964154884,0.0,44469747.964154884,0.0,3.446974796415488,0
2021-06-02,44469747.964154884,0.0,44469747.964154884,0.0,3.446974796415488,0
2021-06-03,44469747.964154884,0.0,44469747.964154884,0.0,3.446974796415488,0
2021-06-04,44469747.964154884,0.0,44469747.964154884,0.0,3.446974796415488,0
2021-06-07,44469747.964154884,0.0,44469747.964154884,0.0,3.446974796415488,0
2021-06-08,44469747.964154884,0.0,44469747.964154884,0.0,3.446974796415488,0
2021-06-09,44469747.964154884,0.0,44469747.964154884,0.0,3.446974796415488,0
2021-06-10,44469747.964154884,0.0,44469747.964154884,0.0,3.446974796415488,0
2021-06-11,44469747.964154884,0.0,44469747.964154884,0.0,3.446974796415488,0
2021-06-14,44469747.964154884,0.0,44469747.964154884,0.0,3.446974796415488,0
2021-06-15,44469747.964154884,0.0,44469747.964154884,0.0,3.446974796415488,0
2021-06-16,44469747.964154884,0.0,44469747.964154884,0.0,3.446974796415488,0
2021-06-17,44469747.964154884,0.0,44469747.964154884,0.0,3.446974796415488,0
2021-06-18,44469747.964154884,0.0,44469747.964154884,0.0,3.446974796415488,0
2021-06-21,44469747.964154884,0.0,44469747.964154884,0.0,3.446974796415488,0
2021-06-22,44469747.964154884,0.0,44469747.964154884,0.0,3.446974796415488,0
2021-06-23,44469747.964154884,0.0,44469747.964154884,0.0,3.446974796415488,0
2021-06-24,44469747.964154884,0.0,44469747.964154884,0.0,3.446974796415488,0
2021-06-25,44469747.964154884,0.0,44469747.964154884,0.0,3.446974796415488,0
2021-06-28,44469747.964154884,0.0,44469747.964154884,0.0,3.446974796415488,0
2021-06-29,44469747.964154884,0.0,44469747.964154884,0.0,3.446974796415488,0
2021-06-30,44469747.964154884,0.0,44469747.964154884,0.0,3.446974796415488,0
2021-07-01,44469747.964154884,0.0,44469747.964154884,0.0,3.446974796415488,0
2021-07-02,44469747.964154884,0.0,44469747.964154884,0.0,3.446974796415488,0
2021-07-05,44469747.964154884,0.0,44469747.964154884,0.0,3.446974796415488,0
2021-07-06,44469747.964154884,0.0,44469747.964154884,0.0,3.446974796415488,0
2021-07-07,44469747.964154884,0.0,44469747.964154884,0.0,3.446974796415488,0
2021-07-08,44469747.964154884,0.0,44469747.964154884,0.0,3.446974796415488,0
2021-07-09,44469747.964154884,0.0,44469747.964154884,0.0,3.446974796415488,0
2021-07-12,44469747.964154884,0.0,44469747.964154884,0.0,3.446974796415488,0
2021-07-13,44469747.964154884,0.0,44469747.964154884,0.0,3.446974796415488,0
2021-07-14,44469747.964154884,0.0,44469747.964154884,0.0,3.446974796415488,0
2021-07-15,44469747.964154884,0.0,44469747.964154884,0.0,3.446974796415488,0
2021-07-16,44469747.964154884,0.0,44469747.964154884,0.0,3.446974796415488,0
2021-07-19,44469747.964154884,0.0,44469747.964154884,0.0,3.446974796415488,0
2021-07-20,44469747.964154884,0.0,44469747.964154884,0.0,3.446974796415488,0
2021-07-21,44469747.964154884,0.0,44469747.964154884,0.0,3.446974796415488,0
2021-07-26,44469747.964154884,0.0,44469747.964154884,0.0,3.446974796415488,0
2021-07-27,44469747.964154884,0.0,44469747.964154884,0.0,3.446974796415488,0
2021-07-28,44469747.964154884,0.0,44469747.964154884,0.0,3.446974796415488,0
2021-07-29,44469747.964154884,0.0,44469747.964154884,0.0,3.446974796415488,0
2021-07-30,44469747.964154884,0.0,44469747.964154884,0.0,3.446974796415488,0
2021-08-02,44469747.964154884,0.0,44469747.964154884,0.0,3.446974796415488,0
2021-08-03,44469747.964154884,0.0,44469747.964154884,0.0,3.446974796415488,0
2021-08-04,44469747.964154884,0.0,44469747.964154884,0.0,3.446974796415488,0
2021-08-05,44469747.964154884,0.0,44469747.964154884,0.0,3.446974796415488,0
2021-08-06,44469747.964154884,0.0,44469747.964154884,0.0,3.446974796415488,0
2021-08-10,44469747.964154884,0.0,44469747.964154884,0.0,3.446974796415488,0
2021-08-11,44469747.964154884,0.0,44469747.964154884,0.0,3.446974796415488,0
2021-08-12,44469747.964154884,0.0,44469747.964154884,0.0,3.446974796415488,0
2021-08-13,44469747.964154884,0.0,44469747.964154884,0.0,3.446974796415488,0
2021-08-16,44469747.964154884,0.0,44469747.964154884,0.0,3.446974796415488,0
2021-08-17,44469747.964154884,0.0,44469747.964154884,0.0,3.446974796415488,0
2021-08-18,44469747.964154884,0.0,44469747.964154884,0.0,3.446974796415488,0
2021-08-19,44469747.964154884,0.0,44469747.964154884,0.0,3.446974796415488,0
2021-08-20,44469747.964154884,0.0,44469747.964154884,0.0,3.446974796415488,0
2021-08-23,44469747.964154884,0.0,44469747.964154884,0.0,3.446974796415488,0
2021-08-24,44469747.964154884,0.0,44469747.964154884,0.0,3.446974796415488,0
2021-08-25,44469747.964154884,0.0,44469747.964154884,0.0,3.446974796415488,0
2021-08-26,44469747.964154884,0.0,44469747.964154884,0.0,3.446974796415488,0
2021-08-27,44469747.964154884,0.0,44469747.964154884,0.0,3.446974796415488,0
2021-08-30,44469747.964154884,0.0,44469747.964154884,0.0,3.446974796415488,0
2021-08-31,44469747.964154884,0.0,44469747.964154884,0.0,3.446974796415488,0
2021-09-01,44469747.964154884,0.0,44469747.964154884,0.0,3.446974796415488,0
2021-09-02,44469747.964154884,0.0,44469747.964154884,0.0,3.446974796415488,0
2021-09-03,44469747.964154884,0.0,44469747.964154884,0.0,3.446974796415488,0
2021-09-06,44469747.964154884,0.0,44469747.964154884,0.0,3.446974796415488,0
2021-09-07,44469747.964154884,0.0,44469747.964154884,0.0,3.446974796415488,0
2021-09-08,44469747.964154884,0.0,44469747.964154884,0.0,3.446974796415488,0
2021-09-09,44469747.964154884,0.0,44469747.964154884,0.0,3.446974796415488,0
2021-09-10,44469747.964154884,0.0,44469747.964154884,0.0,3.446974796415488,0
2021-09-13,44469747.964154884,0.0,44469747.964154884,0.0,3.446974796415488,0
2021-09-14,44469747.964154884,0.0,44469747.964154884,0.0,3.446974796415488,0
2021-09-15,44469747.964154884,0.0,44469747.964154884,0.0,3.446974796415488,0
2021-09-16,44469747.964154884,0.0,44469747.964154884,0.0,3.446974796415488,0
2021-09-17,44469747.964154884,0.0,44469747.964154884,0.0,3.446974796415488,0
2021-09-21,44469747.964154884,0.0,44469747.964154884,0.0,3.446974796415488,0
2021-09-22,44469747.964154884,0.0,44469747.964154884,0.0,3.446974796415488,0
2021-09-24,44469747.964154884,0.0,44469747.964154884,0.0,3.446974796415488,0
2021-09-27,44469747.964154884,0.0,44469747.964154884,0.0,3.446974796415488,0
2021-09-28,36890473.22205894,15073283.068847656,51963756.29090659,0.16851924442639749,4.196375629090659,9
2021-09-29,35940679.22914602,15835003.439331055,51775682.66847707,-0.0036193230792753886,4.177568266847707,7
2021-09-30,35940679.22914602,15615924.761199951,51556603.99034597,-0.004231304481949141,4.155660399034597,7
2021-10-01,35940679.22914602,15385858.047485352,51326537.27663137,-0.004462410164906902,4.132653727663137,7
2021-10-04,35940679.22914602,15275110.427093506,51215789.656239524,-0.0021577068368153554,4.121578965623953,7
2021-10-05,37701738.17504042,13352186.148834229,51053924.323874645,-0.003160457613781218,4.105392432387465,6
2021-10-06,37701738.17504042,13470514.073944092,51172252.24898451,0.002317704793057973,4.11722522489845,6
2021-10-07,37701738.17504042,13440631.810760498,51142369.985800914,-0.0005839544258907766,4.1142369985800915,6
2021-10-08,37701738.17504042,13582846.384429932,51284584.55947035,0.002780758375275096,4.128458455947035,6
2021-10-11,39813051.22025526,11766672.92175293,51579724.14200819,0.005754937571846695,4.157972414200819,5
2021-10-12,39813051.22025526,11706348.526000977,51519399.74625624,-0.001169536998411804,4.151939974625624,5
2021-10-13,39813051.22025526,11660542.129516602,51473593.349771865,-0.000889109669561001,4.147359334977186,5
2021-10-14,39813051.22025526,11711693.605041504,51524744.82529677,0.0009937420762004961,4.152474482529676,5
2021-10-15,42091481.509610735,9650065.914916992,51741547.42452773,0.00420773746606733,4.174154742452773,4
2021-10-18,42091481.509610735,9611309.885406494,51702791.39501723,-0.0007490311256544681,4.170279139501723,4
2021-10-19,42091481.509610735,9581223.574066162,51672705.0836769,-0.0005819088395144473,4.1672705083676895,4
2021-10-20,42091481.509610735,9624648.343658447,51716129.85326918,0.0008403811939391341,4.171612985326918,4
2021-10-21,42091481.509610735,9573616.297149658,51665097.80676039,-0.0009867723407296519,4.166509780676039,4
2021-10-22,42091481.509610735,9525945.895385742,51617427.40499648,-0.000922680954601393,4.161742740499648,4
2021-10-25,42091481.509610735,9424538.957214355,51516020.46682509,-0.0019645872192687137,4.151602046682509,4
2021-10-26,51716350.8466923,0.0,51716350.8466923,0.0038887006032660904,4.17163508466923,0
2021-10-27,51716350.8466923,0.0,51716350.8466923,0.0,4.17163508466923,0
2021-10-28,51716350.8466923,0.0,51716350.8466923,0.0,4.17163508466923,0
2021-10-29,51716350.8466923,0.0,51716350.8466923,0.0,4.17163508466923,0
2021-11-01,51716350.8466923,0.0,51716350.8466923,0.0,4.17163508466923,0
2021-11-02,51716350.8466923,0.0,51716350.8466923,0.0,4.17163508466923,0
2021-11-04,51716350.8466923,0.0,51716350.8466923,0.0,4.17163508466923,0
2021-11-05,51716350.8466923,0.0,51716350.8466923,0.0,4.17163508466923,0
2021-11-08,51716350.8466923,0.0,51716350.8466923,0.0,4.17163508466923,0
2021-11-09,51716350.8466923,0.0,51716350.8466923,0.0,4.17163508466923,0
2021-11-10,51716350.8466923,0.0,51716350.8466923,0.0,4.17163508466923,0
2021-11-11,51716350.8466923,0.0,51716350.8466923,0.0,4.17163508466923,0
2021-11-12,51716350.8466923,0.0,51716350.8466923,0.0,4.17163508466923,0
2021-11-15,51716350.8466923,0.0,51716350.8466923,0.0,4.17163508466923,0
2021-11-16,51716350.8466923,0.0,51716350.8466923,0.0,4.17163508466923,0
2021-11-17,51716350.8466923,0.0,51716350.8466923,0.0,4.17163508466923,0
2021-11-18,51716350.8466923,0.0,51716350.8466923,0.0,4.17163508466923,0
2021-11-19,51716350.8466923,0.0,51716350.8466923,0.0,4.17163508466923,0
2021-11-22,51716350.8466923,0.0,51716350.8466923,0.0,4.17163508466923,0
2021-11-24,51716350.8466923,0.0,51716350.8466923,0.0,4.17163508466923,0
2021-11-25,51716350.8466923,0.0,51716350.8466923,0.0,4.17163508466923,0
2021-11-26,51716350.8466923,0.0,51716350.8466923,0.0,4.17163508466923,0
2021-11-29,51716350.8466923,0.0,51716350.8466923,0.0,4.17163508466923,0
2021-11-30,51716350.8466923,0.0,51716350.8466923,0.0,4.17163508466923,0
2021-12-01,51716350.8466923,0.0,51716350.8466923,0.0,4.17163508466923,0
2021-12-02,51716350.8466923,0.0,51716350.8466923,0.0,4.17163508466923,0
2021-12-03,51716350.8466923,0.0,51716350.8466923,0.0,4.17163508466923,0
2021-12-06,51716350.8466923,0.0,51716350.8466923,0.0,4.17163508466923,0
2021-12-07,51716350.8466923,0.0,51716350.8466923,0.0,4.17163508466923,0
2021-12-08,51716350.8466923,0.0,51716350.8466923,0.0,4.17163508466923,0
2021-12-09,51716350.8466923,0.0,51716350.8466923,0.0,4.17163508466923,0
2021-12-10,51716350.8466923,0.0,51716350.8466923,0.0,4.17163508466923,0
2021-12-13,51716350.8466923,0.0,51716350.8466923,0.0,4.17163508466923,0
2021-12-14,51716350.8466923,0.0,51716350.8466923,0.0,4.17163508466923,0
2021-12-15,51716350.8466923,0.0,51716350.8466923,0.0,4.17163508466923,0
2021-12-16,51716350.8466923,0.0,51716350.8466923,0.0,4.17163508466923,0
2021-12-17,51716350.8466923,0.0,51716350.8466923,0.0,4.17163508466923,0
2021-12-20,51716350.8466923,0.0,51716350.8466923,0.0,4.17163508466923,0
2021-12-21,51716350.8466923,0.0,51716350.8466923,0.0,4.17163508466923,0
2021-12-22,51716350.8466923,0.0,51716350.8466923,0.0,4.17163508466923,0
2021-12-23,51716350.8466923,0.0,51716350.8466923,0.0,4.17163508466923,0
2021-12-24,51716350.8466923,0.0,51716350.8466923,0.0,4.17163508466923,0
2021-12-27,51716350.8466923,0.0,51716350.8466923,0.0,4.17163508466923,0
2021-12-28,51716350.8466923,0.0,51716350.8466923,0.0,4.17163508466923,0
2021-12-29,51716350.8466923,0.0,51716350.8466923,0.0,4.17163508466923,0
2021-12-30,51716350.8466923,0.0,51716350.8466923,0.0,4.17163508466923,0
2022-01-04,51716350.8466923,0.0,51716350.8466923,0.0,4.17163508466923,0
2022-01-05,51716350.8466923,0.0,51716350.8466923,0.0,4.17163508466923,0
2022-01-06,51716350.8466923,0.0,51716350.8466923,0.0,4.17163508466923,0
2022-01-07,51716350.8466923,0.0,51716350.8466923,0.0,4.17163508466923,0
2022-01-11,51716350.8466923,0.0,51716350.8466923,0.0,4.17163508466923,0
2022-01-12,51716350.8466923,0.0,51716350.8466923,0.0,4.17163508466923,0
2022-01-13,51716350.8466923,0.0,51716350.8466923,0.0,4.17163508466923,0
2022-01-14,51716350.8466923,0.0,51716350.8466923,0.0,4.17163508466923,0
2022-01-17,51716350.8466923,0.0,51716350.8466923,0.0,4.17163508466923,0
2022-01-18,51716350.8466923,0.0,51716350.8466923,0.0,4.17163508466923,0
2022-01-19,51716350.8466923,0.0,51716350.8466923,0.0,4.17163508466923,0
2022-01-20,51716350.8466923,0.0,51716350.8466923,0.0,4.17163508466923,0
2022-01-21,51716350.8466923,0.0,51716350.8466923,0.0,4.17163508466923,0
2022-01-24,51716350.8466923,0.0,51716350.8466923,0.0,4.17163508466923,0
2022-01-25,51716350.8466923,0.0,51716350.8466923,0.0,4.17163508466923,0
2022-01-26,51716350.8466923,0.0,51716350.8466923,0.0,4.17163508466923,0
2022-01-27,51716350.8466923,0.0,51716350.8466923,0.0,4.17163508466923,0
2022-01-28,51716350.8466923,0.0,51716350.8466923,0.0,4.17163508466923,0
2022-01-31,51716350.8466923,0.0,51716350.8466923,0.0,4.17163508466923,0
2022-02-01,51716350.8466923,0.0,51716350.8466923,0.0,4.17163508466923,0
2022-02-02,51716350.8466923,0.0,51716350.8466923,0.0,4.17163508466923,0
2022-02-03,51716350.8466923,0.0,51716350.8466923,0.0,4.17163508466923,0
2022-02-04,51716350.8466923,0.0,51716350.8466923,0.0,4.17163508466923,0
2022-02-07,51716350.8466923,0.0,51716350.8466923,0.0,4.17163508466923,0
2022-02-08,51716350.8466923,0.0,51716350.8466923,0.0,4.17163508466923,0
2022-02-09,51716350.8466923,0.0,51716350.8466923,0.0,4.17163508466923,0
2022-02-10,51716350.8466923,0.0,51716350.8466923,0.0,4.17163508466923,0
2022-02-14,51716350.8466923,0.0,51716350.8466923,0.0,4.17163508466923,0
2022-02-15,51716350.8466923,0.0,51716350.8466923,0.0,4.17163508466923,0
2022-02-16,51716350.8466923,0.0,51716350.8466923,0.0,4.17163508466923,0
2022-02-17,51716350.8466923,0.0,51716350.8466923,0.0,4.17163508466923,0
2022-02-18,51716350.8466923,0.0,51716350.8466923,0.0,4.17163508466923,0
2022-02-21,51716350.8466923,0.0,51716350.8466923,0.0,4.17163508466923,0
2022-02-22,51716350.8466923,0.0,51716350.8466923,0.0,4.17163508466923,0
2022-02-24,51716350.8466923,0.0,51716350.8466923,0.0,4.17163508466923,0
2022-02-25,51716350.8466923,0.0,51716350.8466923,0.0,4.17163508466923,0
2022-02-28,51716350.8466923,0.0,51716350.8466923,0.0,4.17163508466923,0
2022-03-01,51716350.8466923,0.0,51716350.8466923,0.0,4.17163508466923,0
2022-03-02,51716350.8466923,0.0,51716350.8466923,0.0,4.17163508466923,0
2022-03-03,51716350.8466923,0.0,51716350.8466923,0.0,4.17163508466923,0
2022-03-04,51716350.8466923,0.0,51716350.8466923,0.0,4.17163508466923,0
2022-03-07,51716350.8466923,0.0,51716350.8466923,0.0,4.17163508466923,0
2022-03-08,51716350.8466923,0.0,51716350.8466923,0.0,4.17163508466923,0
2022-03-09,51716350.8466923,0.0,51716350.8466923,0.0,4.17163508466923,0
2022-03-10,51716350.8466923,0.0,51716350.8466923,0.0,4.17163508466923,0
2022-03-11,51716350.8466923,0.0,51716350.8466923,0.0,4.17163508466923,0
2022-03-14,51716350.8466923,0.0,51716350.8466923,0.0,4.17163508466923,0
2022-03-15,51716350.8466923,0.0,51716350.8466923,0.0,4.17163508466923,0
2022-03-16,51716350.8466923,0.0,51716350.8466923,0.0,4.17163508466923,0
2022-03-17,51716350.8466923,0.0,51716350.8466923,0.0,4.17163508466923,0
2022-03-18,51716350.8466923,0.0,51716350.8466923,0.0,4.17163508466923,0
2022-03-22,51716350.8466923,0.0,51716350.8466923,0.0,4.17163508466923,0
2022-03-23,51716350.8466923,0.0,51716350.8466923,0.0,4.17163508466923,0
2022-03-24,51716350.8466923,0.0,51716350.8466923,0.0,4.17163508466923,0
2022-03-25,51716350.8466923,0.0,51716350.8466923,0.0,4.17163508466923,0
2022-03-28,51716350.8466923,0.0,51716350.8466923,0.0,4.17163508466923,0
2022-03-29,44779400.573644325,13795020.764160156,58574421.33780448,0.13260932720180144,4.857442133780448,9
2022-03-30,42685926.824821055,15786071.258544922,58471998.08336598,-0.0017486003634217663,4.8471998083365975,7
2022-03-31,44101337.833454795,14231894.873046875,58333232.70650167,-0.0023731936895069502,4.833323270650167,6
2022-04-01,47106799.27978353,11343138.57421875,58449937.85400228,0.0020006631226457674,4.844993785400228,5
2022-04-04,49894378.38366537,8603546.008300781,58497924.39196615,0.0008209852692012977,4.849792439196615,4
2022-04-05,49894378.38366537,8546255.712890625,58440634.09655599,-0.000979356037084014,4.8440634096555995,4
2022-04-06,49894378.38366537,8493219.030761719,58387597.41442709,-0.0009075309148986765,4.838759741442709,4
2022-04-07,49894378.38366537,8370294.2138671875,58264672.597532555,-0.0021053241157026536,4.826467259753255,4
2022-04-08,49894378.38366537,8320782.71484375,58215161.09850912,-0.000849768767524736,4.821516109850911,4
2022-04-11,49894378.38366537,8338604.736328125,58232983.11999349,0.00030614055081316986,4.823298311999349,4
2022-04-12,51241891.18127974,6911508.1787109375,58153399.35999068,-0.0013666440518567602,4.815339935999068,3
2022-04-13,51241891.18127974,6944843.298339844,58186734.479619585,0.0005732273606663945,4.818673447961959,3
2022-04-14,51241891.18127974,6979916.015625,58221807.19690474,0.0006027613956827355,4.822180719690474,3
2022-04-15,51241891.18127974,7019778.7353515625,58261669.916631304,0.0006846699140022869,4.82616699166313,3
2022-04-18,51241891.18127974,6984790.0634765625,58226681.244756304,-0.0006005435807979163,4.82266812447563,3
2022-04-19,51241891.18127974,7038589.5263671875,58280480.70764693,0.000923965813275164,4.828048070764693,3
2022-04-20,53719458.57991255,4710831.005859375,58430289.585771926,0.00257048116806869,4.843028958577192,2
2022-04-21,53719458.57991255,4707591.50390625,58427050.0838188,-5.54421683700475e-05,4.84270500838188,2
2022-04-22,53719458.57991255,4654384.423828125,58373843.003740676,-0.0009106583337990658,4.837384300374068,2
2022-04-25,53719458.57991255,4586436.9873046875,58305895.56721724,-0.001164004852637222,4.830589556721724,2
2022-04-26,58225656.17584741,0.0,58225656.17584741,-0.0013761797257247183,4.822565617584742,0
2022-04-27,58225656.17584741,0.0,58225656.17584741,0.0,4.822565617584742,0
2022-04-28,58225656.17584741,0.0,58225656.17584741,0.0,4.822565617584742,0
2022-05-02,58225656.17584741,0.0,58225656.17584741,0.0,4.822565617584742,0
2022-05-06,58225656.17584741,0.0,58225656.17584741,0.0,4.822565617584742,0
2022-05-09,58225656.17584741,0.0,58225656.17584741,0.0,4.822565617584742,0
2022-05-10,58225656.17584741,0.0,58225656.17584741,0.0,4.822565617584742,0
2022-05-11,58225656.17584741,0.0,58225656.17584741,0.0,4.822565617584742,0
2022-05-12,58225656.17584741,0.0,58225656.17584741,0.0,4.822565617584742,0
2022-05-13,58225656.17584741,0.0,58225656.17584741,0.0,4.822565617584742,0
2022-05-16,58225656.17584741,0.0,58225656.17584741,0.0,4.822565617584742,0
2022-05-17,58225656.17584741,0.0,58225656.17584741,0.0,4.822565617584742,0
2022-05-18,58225656.17584741,0.0,58225656.17584741,0.0,4.822565617584742,0
2022-05-19,58225656.17584741,0.0,58225656.17584741,0.0,4.822565617584742,0
2022-05-20,58225656.17584741,0.0,58225656.17584741,0.0,4.822565617584742,0
2022-05-23,58225656.17584741,0.0,58225656.17584741,0.0,4.822565617584742,0
2022-05-24,58225656.17584741,0.0,58225656.17584741,0.0,4.822565617584742,0
2022-05-25,58225656.17584741,0.0,58225656.17584741,0.0,4.822565617584742,0
2022-05-26,58225656.17584741,0.0,58225656.17584741,0.0,4.822565617584742,0
2022-05-27,58225656.17584741,0.0,58225656.17584741,0.0,4.822565617584742,0
2022-05-30,58225656.17584741,0.0,58225656.17584741,0.0,4.822565617584742,0
2022-05-31,58225656.17584741,0.0,58225656.17584741,0.0,4.822565617584742,0
2022-06-01,58225656.17584741,0.0,58225656.17584741,0.0,4.822565617584742,0
2022-06-02,58225656.17584741,0.0,58225656.17584741,0.0,4.822565617584742,0
2022-06-03,58225656.17584741,0.0,58225656.17584741,0.0,4.822565617584742,0
2022-06-06,58225656.17584741,0.0,58225656.17584741,0.0,4.822565617584742,0
2022-06-07,58225656.17584741,0.0,58225656.17584741,0.0,4.822565617584742,0
2022-06-08,58225656.17584741,0.0,58225656.17584741,0.0,4.822565617584742,0
2022-06-09,58225656.17584741,0.0,58225656.17584741,0.0,4.822565617584742,0
2022-06-10,58225656.17584741,0.0,58225656.17584741,0.0,4.822565617584742,0
2022-06-13,58225656.17584741,0.0,58225656.17584741,0.0,4.822565617584742,0
2022-06-14,58225656.17584741,0.0,58225656.17584741,0.0,4.822565617584742,0
2022-06-15,58225656.17584741,0.0,58225656.17584741,0.0,4.822565617584742,0
2022-06-16,58225656.17584741,0.0,58225656.17584741,0.0,4.822565617584742,0
2022-06-17,58225656.17584741,0.0,58225656.17584741,0.0,4.822565617584742,0
2022-06-20,58225656.17584741,0.0,58225656.17584741,0.0,4.822565617584742,0
2022-06-21,58225656.17584741,0.0,58225656.17584741,0.0,4.822565617584742,0
2022-06-22,58225656.17584741,0.0,58225656.17584741,0.0,4.822565617584742,0
2022-06-23,58225656.17584741,0.0,58225656.17584741,0.0,4.822565617584742,0
2022-06-24,58225656.17584741,0.0,58225656.17584741,0.0,4.822565617584742,0
2022-06-27,58225656.17584741,0.0,58225656.17584741,0.0,4.822565617584742,0
2022-06-28,58225656.17584741,0.0,58225656.17584741,0.0,4.822565617584742,0
2022-06-29,58225656.17584741,0.0,58225656.17584741,0.0,4.822565617584742,0
2022-06-30,58225656.17584741,0.0,58225656.17584741,0.0,4.822565617584742,0
2022-07-01,58225656.17584741,0.0,58225656.17584741,0.0,4.822565617584742,0
2022-07-04,58225656.17584741,0.0,58225656.17584741,0.0,4.822565617584742,0
2022-07-05,58225656.17584741,0.0,58225656.17584741,0.0,4.822565617584742,0
2022-07-06,58225656.17584741,0.0,58225656.17584741,0.0,4.822565617584742,0
2022-07-07,58225656.17584741,0.0,58225656.17584741,0.0,4.822565617584742,0
2022-07-08,58225656.17584741,0.0,58225656.17584741,0.0,4.822565617584742,0
2022-07-11,58225656.17584741,0.0,58225656.17584741,0.0,4.822565617584742,0
2022-07-12,58225656.17584741,0.0,58225656.17584741,0.0,4.822565617584742,0
2022-07-13,58225656.17584741,0.0,58225656.17584741,0.0,4.822565617584742,0
2022-07-14,58225656.17584741,0.0,58225656.17584741,0.0,4.822565617584742,0
2022-07-15,58225656.17584741,0.0,58225656.17584741,0.0,4.822565617584742,0
2022-07-19,58225656.17584741,0.0,58225656.17584741,0.0,4.822565617584742,0
2022-07-20,58225656.17584741,0.0,58225656.17584741,0.0,4.822565617584742,0
2022-07-21,58225656.17584741,0.0,58225656.17584741,0.0,4.822565617584742,0
2022-07-22,58225656.17584741,0.0,58225656.17584741,0.0,4.822565617584742,0
2022-07-25,58225656.17584741,0.0,58225656.17584741,0.0,4.822565617584742,0
2022-07-26,58225656.17584741,0.0,58225656.17584741,0.0,4.822565617584742,0
2022-07-27,58225656.17584741,0.0,58225656.17584741,0.0,4.822565617584742,0
2022-07-28,58225656.17584741,0.0,58225656.17584741,0.0,4.822565617584742,0
2022-07-29,58225656.17584741,0.0,58225656.17584741,0.0,4.822565617584742,0
2022-08-01,58225656.17584741,0.0,58225656.17584741,0.0,4.822565617584742,0
2022-08-02,58225656.17584741,0.0,58225656.17584741,0.0,4.822565617584742,0
2022-08-03,58225656.17584741,0.0,58225656.17584741,0.0,4.822565617584742,0
2022-08-04,58225656.17584741,0.0,58225656.17584741,0.0,4.822565617584742,0
2022-08-05,58225656.17584741,0.0,58225656.17584741,0.0,4.822565617584742,0
2022-08-08,58225656.17584741,0.0,58225656.17584741,0.0,4.822565617584742,0
2022-08-09,58225656.17584741,0.0,58225656.17584741,0.0,4.822565617584742,0
2022-08-10,58225656.17584741,0.0,58225656.17584741,0.0,4.822565617584742,0
2022-08-12,58225656.17584741,0.0,58225656.17584741,0.0,4.822565617584742,0
2022-08-15,58225656.17584741,0.0,58225656.17584741,0.0,4.822565617584742,0
2022-08-16,58225656.17584741,0.0,58225656.17584741,0.0,4.822565617584742,0
2022-08-17,58225656.17584741,0.0,58225656.17584741,0.0,4.822565617584742,0
2022-08-18,58225656.17584741,0.0,58225656.17584741,0.0,4.822565617584742,0
2022-08-19,58225656.17584741,0.0,58225656.17584741,0.0,4.822565617584742,0
2022-08-22,58225656.17584741,0.0,58225656.17584741,0.0,4.822565617584742,0
2022-08-23,58225656.17584741,0.0,58225656.17584741,0.0,4.822565617584742,0
2022-08-24,58225656.17584741,0.0,58225656.17584741,0.0,4.822565617584742,0
2022-08-25,58225656.17584741,0.0,58225656.17584741,0.0,4.822565617584742,0
2022-08-26,58225656.17584741,0.0,58225656.17584741,0.0,4.822565617584742,0
2022-08-29,58225656.17584741,0.0,58225656.17584741,0.0,4.822565617584742,0
2022-08-30,58225656.17584741,0.0,58225656.17584741,0.0,4.822565617584742,0
2022-08-31,58225656.17584741,0.0,58225656.17584741,0.0,4.822565617584742,0
2022-09-01,58225656.17584741,0.0,58225656.17584741,0.0,4.822565617584742,0
2022-09-02,58225656.17584741,0.0,58225656.17584741,0.0,4.822565617584742,0
2022-09-05,58225656.17584741,0.0,58225656.17584741,0.0,4.822565617584742,0
2022-09-06,58225656.17584741,0.0,58225656.17584741,0.0,4.822565617584742,0
2022-09-07,58225656.17584741,0.0,58225656.17584741,0.0,4.822565617584742,0
2022-09-08,58225656.17584741,0.0,58225656.17584741,0.0,4.822565617584742,0
2022-09-09,58225656.17584741,0.0,58225656.17584741,0.0,4.822565617584742,0
2022-09-12,58225656.17584741,0.0,58225656.17584741,0.0,4.822565617584742,0
2022-09-13,58225656.17584741,0.0,58225656.17584741,0.0,4.822565617584742,0
2022-09-14,58225656.17584741,0.0,58225656.17584741,0.0,4.822565617584742,0
2022-09-15,58225656.17584741,0.0,58225656.17584741,0.0,4.822565617584742,0
2022-09-16,58225656.17584741,0.0,58225656.17584741,0.0,4.822565617584742,0
2022-09-20,58225656.17584741,0.0,58225656.17584741,0.0,4.822565617584742,0
2022-09-21,58225656.17584741,0.0,58225656.17584741,0.0,4.822565617584742,0
2022-09-22,58225656.17584741,0.0,58225656.17584741,0.0,4.822565617584742,0
2022-09-26,58225656.17584741,0.0,58225656.17584741,0.0,4.822565617584742,0
2022-09-27,58225656.17584741,0.0,58225656.17584741,0.0,4.822565617584742,0
2022-09-28,50228239.565628536,15905406.130981445,66133645.69660998,0.13581623703612092,5.613364569660998,9
2022-09-29,64351982.71110134,1970986.328125,66322969.03922634,0.002862738635109929,5.632296903922634,1
2022-09-30,64351982.71110134,1918568.1640625,66270550.87516384,-0.0007903470671148268,5.627055087516384,1
2022-10-03,64351982.71110134,1908261.5234375,66260244.23453884,-0.00015552369021973244,5.626024423453884,1
2022-10-04,66314714.38572098,0.0,66314714.38572098,0.0008220638455442298,5.631471438572098,0
2022-10-05,66314714.38572098,0.0,66314714.38572098,0.0,5.631471438572098,0
2022-10-06,66314714.38572098,0.0,66314714.38572098,0.0,5.631471438572098,0
2022-10-07,66314714.38572098,0.0,66314714.38572098,0.0,5.631471438572098,0
2022-10-11,66314714.38572098,0.0,66314714.38572098,0.0,5.631471438572098,0
2022-10-12,66314714.38572098,0.0,66314714.38572098,0.0,5.631471438572098,0
2022-10-13,66314714.38572098,0.0,66314714.38572098,0.0,5.631471438572098,0
2022-10-14,66314714.38572098,0.0,66314714.38572098,0.0,5.631471438572098,0
2022-10-17,66314714.38572098,0.0,66314714.38572098,0.0,5.631471438572098,0
2022-10-18,66314714.38572098,0.0,66314714.38572098,0.0,5.631471438572098,0
2022-10-19,66314714.38572098,0.0,66314714.38572098,0.0,5.631471438572098,0
2022-10-20,66314714.38572098,0.0,66314714.38572098,0.0,5.631471438572098,0
2022-10-21,66314714.38572098,0.0,66314714.38572098,0.0,5.631471438572098,0
2022-10-24,66314714.38572098,0.0,66314714.38572098,0.0,5.631471438572098,0
2022-10-25,66314714.38572098,0.0,66314714.38572098,0.0,5.631471438572098,0
2022-10-26,66314714.38572098,0.0,66314714.38572098,0.0,5.631471438572098,0
2022-10-27,66314714.38572098,0.0,66314714.38572098,0.0,5.631471438572098,0
2022-10-28,66314714.38572098,0.0,66314714.38572098,0.0,5.631471438572098,0
2022-10-31,66314714.38572098,0.0,66314714.38572098,0.0,5.631471438572098,0
2022-11-01,66314714.38572098,0.0,66314714.38572098,0.0,5.631471438572098,0
2022-11-02,66314714.38572098,0.0,66314714.38572098,0.0,5.631471438572098,0
2022-11-04,66314714.38572098,0.0,66314714.38572098,0.0,5.631471438572098,0
2022-11-07,66314714.38572098,0.0,66314714.38572098,0.0,5.631471438572098,0
2022-11-08,66314714.38572098,0.0,66314714.38572098,0.0,5.631471438572098,0
2022-11-09,66314714.38572098,0.0,66314714.38572098,0.0,5.631471438572098,0
2022-11-10,66314714.38572098,0.0,66314714.38572098,0.0,5.631471438572098,0
2022-11-11,66314714.38572098,0.0,66314714.38572098,0.0,5.631471438572098,0
2022-11-14,66314714.38572098,0.0,66314714.38572098,0.0,5.631471438572098,0
2022-11-15,66314714.38572098,0.0,66314714.38572098,0.0,5.631471438572098,0
2022-11-16,66314714.38572098,0.0,66314714.38572098,0.0,5.631471438572098,0
2022-11-17,66314714.38572098,0.0,66314714.38572098,0.0,5.631471438572098,0
2022-11-18,66314714.38572098,0.0,66314714.38572098,0.0,5.631471438572098,0
2022-11-21,66314714.38572098,0.0,66314714.38572098,0.0,5.631471438572098,0
2022-11-22,66314714.38572098,0.0,66314714.38572098,0.0,5.631471438572098,0
2022-11-24,66314714.38572098,0.0,66314714.38572098,0.0,5.631471438572098,0
2022-11-25,66314714.38572098,0.0,66314714.38572098,0.0,5.631471438572098,0
2022-11-28,66314714.38572098,0.0,66314714.38572098,0.0,5.631471438572098,0
2022-11-29,66314714.38572098,0.0,66314714.38572098,0.0,5.631471438572098,0
2022-11-30,66314714.38572098,0.0,66314714.38572098,0.0,5.631471438572098,0
2022-12-01,66314714.38572098,0.0,66314714.38572098,0.0,5.631471438572098,0
2022-12-02,66314714.38572098,0.0,66314714.38572098,0.0,5.631471438572098,0
2022-12-05,66314714.38572098,0.0,66314714.38572098,0.0,5.631471438572098,0
2022-12-06,66314714.38572098,0.0,66314714.38572098,0.0,5.631471438572098,0
2022-12-07,66314714.38572098,0.0,66314714.38572098,0.0,5.631471438572098,0
2022-12-08,66314714.38572098,0.0,66314714.38572098,0.0,5.631471438572098,0
2022-12-09,66314714.38572098,0.0,66314714.38572098,0.0,5.631471438572098,0
2022-12-12,66314714.38572098,0.0,66314714.38572098,0.0,5.631471438572098,0
2022-12-13,66314714.38572098,0.0,66314714.38572098,0.0,5.631471438572098,0
2022-12-14,66314714.38572098,0.0,66314714.38572098,0.0,5.631471438572098,0
2022-12-15,66314714.38572098,0.0,66314714.38572098,0.0,5.631471438572098,0
2022-12-16,66314714.38572098,0.0,66314714.38572098,0.0,5.631471438572098,0
2022-12-19,66314714.38572098,0.0,66314714.38572098,0.0,5.631471438572098,0
2022-12-20,66314714.38572098,0.0,66314714.38572098,0.0,5.631471438572098,0
2022-12-21,66314714.38572098,0.0,66314714.38572098,0.0,5.631471438572098,0
2022-12-22,66314714.38572098,0.0,66314714.38572098,0.0,5.631471438572098,0
2022-12-23,66314714.38572098,0.0,66314714.38572098,0.0,5.631471438572098,0
2022-12-26,66314714.38572098,0.0,66314714.38572098,0.0,5.631471438572098,0
2022-12-27,66314714.38572098,0.0,66314714.38572098,0.0,5.631471438572098,0
2022-12-28,66314714.38572098,0.0,66314714.38572098,0.0,5.631471438572098,0
2022-12-29,66314714.38572098,0.0,66314714.38572098,0.0,5.631471438572098,0
2022-12-30,66314714.38572098,0.0,66314714.38572098,0.0,5.631471438572098,0
2023-01-04,66314714.38572098,0.0,66314714.38572098,0.0,5.631471438572098,0
2023-01-05,66314714.38572098,0.0,66314714.38572098,0.0,5.631471438572098,0
2023-01-06,66314714.38572098,0.0,66314714.38572098,0.0,5.631471438572098,0
2023-01-10,66314714.38572098,0.0,66314714.38572098,0.0,5.631471438572098,0
2023-01-11,66314714.38572098,0.0,66314714.38572098,0.0,5.631471438572098,0
2023-01-12,66314714.38572098,0.0,66314714.38572098,0.0,5.631471438572098,0
2023-01-13,66314714.38572098,0.0,66314714.38572098,0.0,5.631471438572098,0
2023-01-16,66314714.38572098,0.0,66314714.38572098,0.0,5.631471438572098,0
2023-01-17,66314714.38572098,0.0,66314714.38572098,0.0,5.631471438572098,0
2023-01-18,66314714.38572098,0.0,66314714.38572098,0.0,5.631471438572098,0
2023-01-19,66314714.38572098,0.0,66314714.38572098,0.0,5.631471438572098,0
2023-01-20,66314714.38572098,0.0,66314714.38572098,0.0,5.631471438572098,0
2023-01-23,66314714.38572098,0.0,66314714.38572098,0.0,5.631471438572098,0
2023-01-24,66314714.38572098,0.0,66314714.38572098,0.0,5.631471438572098,0
2023-01-25,66314714.38572098,0.0,66314714.38572098,0.0,5.631471438572098,0
2023-01-26,66314714.38572098,0.0,66314714.38572098,0.0,5.631471438572098,0
2023-01-27,66314714.38572098,0.0,66314714.38572098,0.0,5.631471438572098,0
2023-01-30,66314714.38572098,0.0,66314714.38572098,0.0,5.631471438572098,0
2023-01-31,66314714.38572098,0.0,66314714.38572098,0.0,5.631471438572098,0
2023-02-01,66314714.38572098,0.0,66314714.38572098,0.0,5.631471438572098,0
2023-02-02,66314714.38572098,0.0,66314714.38572098,0.0,5.631471438572098,0
2023-02-03,66314714.38572098,0.0,66314714.38572098,0.0,5.631471438572098,0
2023-02-06,66314714.38572098,0.0,66314714.38572098,0.0,5.631471438572098,0
2023-02-07,66314714.38572098,0.0,66314714.38572098,0.0,5.631471438572098,0
2023-02-08,66314714.38572098,0.0,66314714.38572098,0.0,5.631471438572098,0
2023-02-09,66314714.38572098,0.0,66314714.38572098,0.0,5.631471438572098,0
2023-02-10,66314714.38572098,0.0,66314714.38572098,0.0,5.631471438572098,0
2023-02-13,66314714.38572098,0.0,66314714.38572098,0.0,5.631471438572098,0
2023-02-14,66314714.38572098,0.0,66314714.38572098,0.0,5.631471438572098,0
2023-02-15,66314714.38572098,0.0,66314714.38572098,0.0,5.631471438572098,0
2023-02-16,66314714.38572098,0.0,66314714.38572098,0.0,5.631471438572098,0
2023-02-17,66314714.38572098,0.0,66314714.38572098,0.0,5.631471438572098,0
2023-02-20,66314714.38572098,0.0,66314714.38572098,0.0,5.631471438572098,0
2023-02-21,66314714.38572098,0.0,66314714.38572098,0.0,5.631471438572098,0
2023-02-22,66314714.38572098,0.0,66314714.38572098,0.0,5.631471438572098,0
2023-02-24,66314714.38572098,0.0,66314714.38572098,0.0,5.631471438572098,0
2023-02-27,66314714.38572098,0.0,66314714.38572098,0.0,5.631471438572098,0
2023-02-28,66314714.38572098,0.0,66314714.38572098,0.0,5.631471438572098,0
2023-03-01,66314714.38572098,0.0,66314714.38572098,0.0,5.631471438572098,0
2023-03-02,66314714.38572098,0.0,66314714.38572098,0.0,5.631471438572098,0
2023-03-03,66314714.38572098,0.0,66314714.38572098,0.0,5.631471438572098,0
2023-03-06,66314714.38572098,0.0,66314714.38572098,0.0,5.631471438572098,0
2023-03-07,66314714.38572098,0.0,66314714.38572098,0.0,5.631471438572098,0
2023-03-08,66314714.38572098,0.0,66314714.38572098,0.0,5.631471438572098,0
2023-03-09,66314714.38572098,0.0,66314714.38572098,0.0,5.631471438572098,0
2023-03-10,66314714.38572098,0.0,66314714.38572098,0.0,5.631471438572098,0
2023-03-13,66314714.38572098,0.0,66314714.38572098,0.0,5.631471438572098,0
2023-03-14,66314714.38572098,0.0,66314714.38572098,0.0,5.631471438572098,0
2023-03-15,66314714.38572098,0.0,66314714.38572098,0.0,5.631471438572098,0
2023-03-16,66314714.38572098,0.0,66314714.38572098,0.0,5.631471438572098,0
2023-03-17,66314714.38572098,0.0,66314714.38572098,0.0,5.631471438572098,0
2023-03-20,66314714.38572098,0.0,66314714.38572098,0.0,5.631471438572098,0
2023-03-22,66314714.38572098,0.0,66314714.38572098,0.0,5.631471438572098,0
2023-03-23,66314714.38572098,0.0,66314714.38572098,0.0,5.631471438572098,0
2023-03-24,66314714.38572098,0.0,66314714.38572098,0.0,5.631471438572098,0
2023-03-27,66314714.38572098,0.0,66314714.38572098,0.0,5.631471438572098,0
2023-03-28,66314714.38572098,0.0,66314714.38572098,0.0,5.631471438572098,0
2023-03-29,59408014.11278702,13735920.94116211,73143935.05394913,0.10298198117096363,6.314393505394913,8
2023-03-30,58889480.19658783,14241761.682128906,73131241.87871674,-0.00017353694770500606,6.313124187871674,6
2023-03-31,65225824.83859304,8011296.340942383,73237121.17953542,0.001447798479810796,6.323712117953542,3
2023-04-03,70337787.52680105,2949163.1103515625,73286950.63715261,0.0006803852583861155,6.328695063715261,1
2023-04-04,73297025.26517385,0.0,73297025.26517385,0.00013746823866530108,6.329702526517385,0
2023-04-05,73297025.26517385,0.0,73297025.26517385,0.0,6.329702526517385,0
2023-04-06,73297025.26517385,0.0,73297025.26517385,0.0,6.329702526517385,0
2023-04-07,73297025.26517385,0.0,73297025.26517385,0.0,6.329702526517385,0
2023-04-10,73297025.26517385,0.0,73297025.26517385,0.0,6.329702526517385,0
2023-04-11,73297025.26517385,0.0,73297025.26517385,0.0,6.329702526517385,0
2023-04-12,73297025.26517385,0.0,73297025.26517385,0.0,6.329702526517385,0
2023-04-13,73297025.26517385,0.0,73297025.26517385,0.0,6.329702526517385,0
2023-04-14,73297025.26517385,0.0,73297025.26517385,0.0,6.329702526517385,0
2023-04-17,73297025.26517385,0.0,73297025.26517385,0.0,6.329702526517385,0
2023-04-18,73297025.26517385,0.0,73297025.26517385,0.0,6.329702526517385,0
2023-04-19,73297025.26517385,0.0,73297025.26517385,0.0,6.329702526517385,0
2023-04-20,73297025.26517385,0.0,73297025.26517385,0.0,6.329702526517385,0
2023-04-21,73297025.26517385,0.0,73297025.26517385,0.0,6.329702526517385,0
2023-04-24,73297025.26517385,0.0,73297025.26517385,0.0,6.329702526517385,0
2023-04-25,73297025.26517385,0.0,73297025.26517385,0.0,6.329702526517385,0
2023-04-26,73297025.26517385,0.0,73297025.26517385,0.0,6.329702526517385,0
2023-04-27,73297025.26517385,0.0,73297025.26517385,0.0,6.329702526517385,0
2023-04-28,73297025.26517385,0.0,73297025.26517385,0.0,6.329702526517385,0
2023-05-01,73297025.26517385,0.0,73297025.26517385,0.0,6.329702526517385,0
2023-05-02,73297025.26517385,0.0,73297025.26517385,0.0,6.329702526517385,0
2023-05-08,73297025.26517385,0.0,73297025.26517385,0.0,6.329702526517385,0
2023-05-09,73297025.26517385,0.0,73297025.26517385,0.0,6.329702526517385,0
2023-05-10,73297025.26517385,0.0,73297025.26517385,0.0,6.329702526517385,0
2023-05-11,73297025.26517385,0.0,73297025.26517385,0.0,6.329702526517385,0
2023-05-12,73297025.26517385,0.0,73297025.26517385,0.0,6.329702526517385,0
2023-05-15,73297025.26517385,0.0,73297025.26517385,0.0,6.329702526517385,0
2023-05-16,73297025.26517385,0.0,73297025.26517385,0.0,6.329702526517385,0
2023-05-17,73297025.26517385,0.0,73297025.26517385,0.0,6.329702526517385,0
2023-05-18,73297025.26517385,0.0,73297025.26517385,0.0,6.329702526517385,0
2023-05-19,73297025.26517385,0.0,73297025.26517385,0.0,6.329702526517385,0
2023-05-22,73297025.26517385,0.0,73297025.26517385,0.0,6.329702526517385,0
2023-05-23,73297025.26517385,0.0,73297025.26517385,0.0,6.329702526517385,0
2023-05-24,73297025.26517385,0.0,73297025.26517385,0.0,6.329702526517385,0
2023-05-25,73297025.26517385,0.0,73297025.26517385,0.0,6.329702526517385,0
2023-05-26,73297025.26517385,0.0,73297025.26517385,0.0,6.329702526517385,0
2023-05-29,73297025.26517385,0.0,73297025.26517385,0.0,6.329702526517385,0
2023-05-30,73297025.26517385,0.0,73297025.26517385,0.0,6.329702526517385,0
2023-05-31,73297025.26517385,0.0,73297025.26517385,0.0,6.329702526517385,0
2023-06-01,73297025.26517385,0.0,73297025.26517385,0.0,6.329702526517385,0
2023-06-02,73297025.26517385,0.0,73297025.26517385,0.0,6.329702526517385,0
2023-06-05,73297025.26517385,0.0,73297025.26517385,0.0,6.329702526517385,0
2023-06-06,73297025.26517385,0.0,73297025.26517385,0.0,6.329702526517385,0
2023-06-07,73297025.26517385,0.0,73297025.26517385,0.0,6.329702526517385,0
2023-06-08,73297025.26517385,0.0,73297025.26517385,0.0,6.329702526517385,0
2023-06-09,73297025.26517385,0.0,73297025.26517385,0.0,6.329702526517385,0
2023-06-12,73297025.26517385,0.0,73297025.26517385,0.0,6.329702526517385,0
2023-06-13,73297025.26517385,0.0,73297025.26517385,0.0,6.329702526517385,0
2023-06-14,73297025.26517385,0.0,73297025.26517385,0.0,6.329702526517385,0
2023-06-15,73297025.26517385,0.0,73297025.26517385,0.0,6.329702526517385,0
2023-06-16,73297025.26517385,0.0,73297025.26517385,0.0,6.329702526517385,0
2023-06-19,73297025.26517385,0.0,73297025.26517385,0.0,6.329702526517385,0
2023-06-20,73297025.26517385,0.0,73297025.26517385,0.0,6.329702526517385,0
2023-06-21,73297025.26517385,0.0,73297025.26517385,0.0,6.329702526517385,0
2023-06-22,73297025.26517385,0.0,73297025.26517385,0.0,6.329702526517385,0
2023-06-23,73297025.26517385,0.0,73297025.26517385,0.0,6.329702526517385,0
2023-06-26,73297025.26517385,0.0,73297025.26517385,0.0,6.329702526517385,0
2023-06-27,73297025.26517385,0.0,73297025.26517385,0.0,6.329702526517385,0
2023-06-28,73297025.26517385,0.0,73297025.26517385,0.0,6.329702526517385,0
2023-06-29,73297025.26517385,0.0,73297025.26517385,0.0,6.329702526517385,0
2023-06-30,73297025.26517385,0.0,73297025.26517385,0.0,6.329702526517385,0
2023-07-03,73297025.26517385,0.0,73297025.26517385,0.0,6.329702526517385,0
2023-07-04,73297025.26517385,0.0,73297025.26517385,0.0,6.329702526517385,0
2023-07-05,73297025.26517385,0.0,73297025.26517385,0.0,6.329702526517385,0
2023-07-06,73297025.26517385,0.0,73297025.26517385,0.0,6.329702526517385,0
2023-07-07,73297025.26517385,0.0,73297025.26517385,0.0,6.329702526517385,0
2023-07-10,73297025.26517385,0.0,73297025.26517385,0.0,6.329702526517385,0
2023-07-11,73297025.26517385,0.0,73297025.26517385,0.0,6.329702526517385,0
2023-07-12,73297025.26517385,0.0,73297025.26517385,0.0,6.329702526517385,0
2023-07-13,73297025.26517385,0.0,73297025.26517385,0.0,6.329702526517385,0
2023-07-14,73297025.26517385,0.0,73297025.26517385,0.0,6.329702526517385,0
2023-07-18,73297025.26517385,0.0,73297025.26517385,0.0,6.329702526517385,0
2023-07-19,73297025.26517385,0.0,73297025.26517385,0.0,6.329702526517385,0
2023-07-20,73297025.26517385,0.0,73297025.26517385,0.0,6.329702526517385,0
2023-07-21,73297025.26517385,0.0,73297025.26517385,0.0,6.329702526517385,0
2023-07-24,73297025.26517385,0.0,73297025.26517385,0.0,6.329702526517385,0
2023-07-25,73297025.26517385,0.0,73297025.26517385,0.0,6.329702526517385,0
2023-07-26,73297025.26517385,0.0,73297025.26517385,0.0,6.329702526517385,0
2023-07-27,73297025.26517385,0.0,73297025.26517385,0.0,6.329702526517385,0
2023-07-28,73297025.26517385,0.0,73297025.26517385,0.0,6.329702526517385,0
2023-07-31,73297025.26517385,0.0,73297025.26517385,0.0,6.329702526517385,0
2023-08-01,73297025.26517385,0.0,73297025.26517385,0.0,6.329702526517385,0
2023-08-02,73297025.26517385,0.0,73297025.26517385,0.0,6.329702526517385,0
2023-08-03,73297025.26517385,0.0,73297025.26517385,0.0,6.329702526517385,0
2023-08-04,73297025.26517385,0.0,73297025.26517385,0.0,6.329702526517385,0
2023-08-07,73297025.26517385,0.0,73297025.26517385,0.0,6.329702526517385,0
2023-08-08,73297025.26517385,0.0,73297025.26517385,0.0,6.329702526517385,0
2023-08-09,73297025.26517385,0.0,73297025.26517385,0.0,6.329702526517385,0
2023-08-10,73297025.26517385,0.0,73297025.26517385,0.0,6.329702526517385,0
2023-08-14,73297025.26517385,0.0,73297025.26517385,0.0,6.329702526517385,0
2023-08-15,73297025.26517385,0.0,73297025.26517385,0.0,6.329702526517385,0
2023-08-16,73297025.26517385,0.0,73297025.26517385,0.0,6.329702526517385,0
2023-08-17,73297025.26517385,0.0,73297025.26517385,0.0,6.329702526517385,0
2023-08-18,73297025.26517385,0.0,73297025.26517385,0.0,6.329702526517385,0
2023-08-21,73297025.26517385,0.0,73297025.26517385,0.0,6.329702526517385,0
2023-08-22,73297025.26517385,0.0,73297025.26517385,0.0,6.329702526517385,0
2023-08-23,73297025.26517385,0.0,73297025.26517385,0.0,6.329702526517385,0
2023-08-24,73297025.26517385,0.0,73297025.26517385,0.0,6.329702526517385,0
2023-08-25,73297025.26517385,0.0,73297025.26517385,0.0,6.329702526517385,0
2023-08-28,73297025.26517385,0.0,73297025.26517385,0.0,6.329702526517385,0
2023-08-29,73297025.26517385,0.0,73297025.26517385,0.0,6.329702526517385,0
2023-08-30,73297025.26517385,0.0,73297025.26517385,0.0,6.329702526517385,0
2023-08-31,73297025.26517385,0.0,73297025.26517385,0.0,6.329702526517385,0
2023-09-01,73297025.26517385,0.0,73297025.26517385,0.0,6.329702526517385,0
2023-09-04,73297025.26517385,0.0,73297025.26517385,0.0,6.329702526517385,0
2023-09-05,73297025.26517385,0.0,73297025.26517385,0.0,6.329702526517385,0
2023-09-06,73297025.26517385,0.0,73297025.26517385,0.0,6.329702526517385,0
2023-09-07,73297025.26517385,0.0,73297025.26517385,0.0,6.329702526517385,0
2023-09-08,73297025.26517385,0.0,73297025.26517385,0.0,6.329702526517385,0
2023-09-11,73297025.26517385,0.0,73297025.26517385,0.0,6.329702526517385,0
2023-09-12,73297025.26517385,0.0,73297025.26517385,0.0,6.329702526517385,0
2023-09-13,73297025.26517385,0.0,73297025.26517385,0.0,6.329702526517385,0
2023-09-14,73297025.26517385,0.0,73297025.26517385,0.0,6.329702526517385,0
2023-09-15,73297025.26517385,0.0,73297025.26517385,0.0,6.329702526517385,0
2023-09-19,73297025.26517385,0.0,73297025.26517385,0.0,6.329702526517385,0
2023-09-20,73297025.26517385,0.0,73297025.26517385,0.0,6.329702526517385,0
2023-09-21,73297025.26517385,0.0,73297025.26517385,0.0,6.329702526517385,0
2023-09-22,73297025.26517385,0.0,73297025.26517385,0.0,6.329702526517385,0
2023-09-25,73297025.26517385,0.0,73297025.26517385,0.0,6.329702526517385,0
2023-09-26,73297025.26517385,0.0,73297025.26517385,0.0,6.329702526517385,0
2023-09-27,65588497.81026015,15330499.243164062,80918997.05342421,0.10398746416618683,7.091899705342421,9
2023-09-28,59577398.59229751,21160689.67590332,80738088.26820083,-0.0022356775517613056,7.073808826820083,9
2023-09-29,60782487.70003257,19892046.701049805,80674534.40108237,-0.000787160911060288,7.0674534401082365,8
2023-10-02,60782487.70003257,19829945.54748535,80612433.24751791,-0.000769773932077629,7.061243324751791,8
2023-10-03,60782487.70003257,19689218.76525879,80471706.46529135,-0.0017457205614233896,7.0471706465291355,8
2023-10-04,60782487.70003257,19294253.103637695,80076740.80367026,-0.004908130807334729,7.007674080367026,8
2023-10-05,60782487.70003257,19636133.43811035,80418621.13814291,0.004269408707715367,7.041862113814291,8
2023-10-06,60782487.70003257,19534781.8939209,80317269.59395346,-0.0012602994524781976,7.031726959395346,8
2023-10-10,63792719.56839194,16920486.520385742,80713206.08877769,0.004929655811581997,7.071320608877769,7
2023-10-11,65709845.811091445,15067397.067260742,80777242.8783522,0.000793386766275507,7.07772428783522,6
2023-10-12,73514525.82705824,7449427.169799805,80963952.99685805,0.002311419799101457,7.096395299685804,3
2023-10-13,73514525.82705824,7405961.544799805,80920487.37185805,-0.0005368515665445184,7.092048737185805,3
2023-10-16,73514525.82705824,7290969.735717773,80805495.56277601,-0.0014210469167542643,7.080549556277601,3
2023-10-17,73514525.82705824,7334531.481933594,80849057.30899183,0.0005390938563328054,7.084905730899184,3
2023-10-18,73514525.82705824,7344905.157470703,80859430.98452894,0.00012830917121844587,7.085943098452894,3
2023-10-19,73514525.82705824,7338040.954589844,80852566.78164808,-8.4890566224399e-05,7.085256678164808,3
2023-10-20,73514525.82705824,7311303.552246094,80825829.37930433,-0.00033069330273654163,7.082582937930433,3
2023-10-23,73514525.82705824,7296252.185058594,80810778.01211683,-0.00018621976790199126,7.081077801211683,3
2023-10-24,73514525.82705824,7281061.782836914,80795587.60989515,-0.0001879749532841031,7.079558760989515,3
2023-10-25,73514525.82705824,7362318.130493164,80876843.9575514,0.0010057027872435254,7.08768439575514,3
2023-10-26,80795681.06678107,0.0,80795681.06678107,-0.0010035368196727576,7.079568106678107,0
2023-10-27,80795681.06678107,0.0,80795681.06678107,0.0,7.079568106678107,0
2023-10-30,80795681.06678107,0.0,80795681.06678107,0.0,7.079568106678107,0
2023-10-31,80795681.06678107,0.0,80795681.06678107,0.0,7.079568106678107,0
2023-11-01,80795681.06678107,0.0,80795681.06678107,0.0,7.079568106678107,0
2023-11-02,80795681.06678107,0.0,80795681.06678107,0.0,7.079568106678107,0
2023-11-06,80795681.06678107,0.0,80795681.06678107,0.0,7.079568106678107,0
2023-11-07,80795681.06678107,0.0,80795681.06678107,0.0,7.079568106678107,0
2023-11-08,80795681.06678107,0.0,80795681.06678107,0.0,7.079568106678107,0
2023-11-09,80795681.06678107,0.0,80795681.06678107,0.0,7.079568106678107,0
2023-11-10,80795681.06678107,0.0,80795681.06678107,0.0,7.079568106678107,0
2023-11-13,80795681.06678107,0.0,80795681.06678107,0.0,7.079568106678107,0
2023-11-14,80795681.06678107,0.0,80795681.06678107,0.0,7.079568106678107,0
2023-11-15,80795681.06678107,0.0,80795681.06678107,0.0,7.079568106678107,0
2023-11-16,80795681.06678107,0.0,80795681.06678107,0.0,7.079568106678107,0
2023-11-17,80795681.06678107,0.0,80795681.06678107,0.0,7.079568106678107,0
2023-11-20,80795681.06678107,0.0,80795681.06678107,0.0,7.079568106678107,0
2023-11-21,80795681.06678107,0.0,80795681.06678107,0.0,7.079568106678107,0
2023-11-22,80795681.06678107,0.0,80795681.06678107,0.0,7.079568106678107,0
2023-11-24,80795681.06678107,0.0,80795681.06678107,0.0,7.079568106678107,0
2023-11-27,80795681.06678107,0.0,80795681.06678107,0.0,7.079568106678107,0
2023-11-28,80795681.06678107,0.0,80795681.06678107,0.0,7.079568106678107,0
2023-11-29,80795681.06678107,0.0,80795681.06678107,0.0,7.079568106678107,0
2023-11-30,80795681.06678107,0.0,80795681.06678107,0.0,7.079568106678107,0
2023-12-01,80795681.06678107,0.0,80795681.06678107,0.0,7.079568106678107,0
2023-12-04,80795681.06678107,0.0,80795681.06678107,0.0,7.079568106678107,0
2023-12-05,80795681.06678107,0.0,80795681.06678107,0.0,7.079568106678107,0
2023-12-06,80795681.06678107,0.0,80795681.06678107,0.0,7.079568106678107,0
2023-12-07,80795681.06678107,0.0,80795681.06678107,0.0,7.079568106678107,0
2023-12-08,80795681.06678107,0.0,80795681.06678107,0.0,7.079568106678107,0
2023-12-11,80795681.06678107,0.0,80795681.06678107,0.0,7.079568106678107,0
2023-12-12,80795681.06678107,0.0,80795681.06678107,0.0,7.079568106678107,0
2023-12-13,80795681.06678107,0.0,80795681.06678107,0.0,7.079568106678107,0
2023-12-14,80795681.06678107,0.0,80795681.06678107,0.0,7.079568106678107,0
2023-12-15,80795681.06678107,0.0,80795681.06678107,0.0,7.079568106678107,0
2023-12-18,80795681.06678107,0.0,80795681.06678107,0.0,7.079568106678107,0
2023-12-19,80795681.06678107,0.0,80795681.06678107,0.0,7.079568106678107,0
2023-12-20,80795681.06678107,0.0,80795681.06678107,0.0,7.079568106678107,0
2023-12-21,80795681.06678107,0.0,80795681.06678107,0.0,7.079568106678107,0
2023-12-22,80795681.06678107,0.0,80795681.06678107,0.0,7.079568106678107,0
2023-12-25,80795681.06678107,0.0,80795681.06678107,0.0,7.079568106678107,0
2023-12-26,80795681.06678107,0.0,80795681.06678107,0.0,7.079568106678107,0
2023-12-27,80795681.06678107,0.0,80795681.06678107,0.0,7.079568106678107,0
2023-12-28,80795681.06678107,0.0,80795681.06678107,0.0,7.079568106678107,0
2023-12-29,80795681.06678107,0.0,80795681.06678107,0.0,7.079568106678107,0
