date	code
2027/04/01	2388
2027/03/01	8254
2027/03/01	4760
2027/01/01	1382
2026/10/19	5484
2026/10/09	9691
2026/10/09	7490
2026/10/09	7183
2026/10/01	3787
2026/10/01	6147
2026/10/01	7851
2026/10/01	3670
2026/10/01	7709
2026/10/01	7255
2026/10/01	7946
2026/10/01	7985
2026/10/01	4316
2026/09/29	7082
2026/09/29	6486
2026/09/29	7240
2026/09/29	9223
2026/09/29	9508
2026/09/28	7426
2026/09/28	4800
2026/09/28	5202
2026/09/26	3856
2026/09/25	1948
2026/09/21	9914
2026/09/16	2180
2026/09/14	1909
2026/09/02	3480
2026/08/28	3079
2026/08/28	5660
2026/08/28	2162
2026/08/25	5103
2026/08/13	4171
2026/08/10	8283
2026/08/06	6197
2026/07/30	2763
2026/07/30	4367
2026/07/29	6096
2026/07/28	3271
2026/07/22	5903
2026/07/17	7317
2026/07/09	7940
2026/07/01	3681
2026/06/29	3198
2026/06/29	8289
2026/06/29	4449
2026/06/26	4494
2026/06/26	3546
2026/06/26	5856
2026/06/25	7922
2026/06/24	6403
2026/06/23	2686
2026/06/19	4659
2026/06/19	9927
2026/06/18	2540
2026/06/16	6670
2026/06/16	9338
2026/06/15	3294
2026/06/12	4974
2026/06/11	4556
2026/06/10	7999
2026/06/10	7229
2026/06/04	9067
2026/06/01	1726
2026/06/01	6201
2026/06/01	6173
2026/05/29	4384
2026/05/29	1776
2026/05/28	5727
2026/05/28	6489
2026/05/28	7925
2026/05/19	2692
2026/05/15	4917
2026/05/15	3593
2026/05/15	6901
2026/05/13	7088
2026/05/11	4530
2026/05/08	2344
2026/05/01	6565
2026/04/28	5259
2026/04/27	3541
2026/04/27	7105
2026/04/27	8209
2026/04/24	3902
2026/04/21	7739
2026/04/20	7092
2026/04/15	4690
2026/04/14	202A
2026/04/13	7250
2026/04/01	7450
2026/03/30	2196
2026/03/30	5352
2026/03/30	7455
2026/03/30	3924
2026/03/30	4333
2026/03/30	6210
2026/03/30	6293
2026/03/30	7205
2026/03/30	7420
2026/03/30	7467
2026/03/30	8515
2026/03/27	1841
2026/03/27	7923
2026/03/25	7116
2026/03/24	7635
2026/03/23	6406
2026/03/23	6734
2026/03/23	3961
2026/03/19	2389
2026/03/17	3655
2026/03/17	5386
2026/03/13	7718
2026/03/13	2374
2026/03/12	9719
2026/03/06	4957
2026/03/03	1949
2026/02/26	7445
2026/02/26	9600
2026/02/26	3526
2026/02/25	5596
2026/02/16	9776
2026/02/05	7817
2026/01/29	5476
2026/01/29	6060
2026/01/29	5191
2026/01/28	4080
2026/01/27	6312
2026/01/20	5017
2026/01/16	2743
2026/01/14	176A
2026/01/14	6542
2026/01/13	6957
2026/01/08	4745
2026/01/05	3094
2025/12/29	6373
2025/12/23	2150
2025/12/22	6937
2025/12/19	4319
2025/12/19	1712
2025/12/19	3341
2025/12/19	1821
2025/12/16	1890
2025/12/15	3540
2025/12/12	5070
2025/12/09	6028
2025/12/08	3688
2025/12/02	7732
2025/11/28	1743
2025/11/27	165A
2025/11/27	3141
2025/11/27	5595
2025/11/27	8940
2025/11/26	3847
2025/11/21	3073
2025/11/20	6930
2025/11/17	6297
2025/11/06	5577
2025/11/05	6416
2025/11/04	9386
2025/10/30	2830
2025/10/30	3770
2025/10/17	6095
2025/10/16	6973
2025/10/15	9066
2025/10/14	6411
2025/10/14	7605
2025/10/10	1884
2025/09/29	3319
2025/09/29	6879
2025/09/29	9377
2025/09/29	8279
2025/09/29	6026
2025/09/29	6048
2025/09/29	5009
2025/09/29	9275
2025/09/26	9613
2025/09/26	7451
2025/09/25	7163
2025/09/24	9164
2025/09/19	1757
2025/09/19	3497
2025/09/19	7379
2025/09/06	3814
2025/09/04	9696
2025/08/31	260A
2025/08/28	4551
2025/08/28	3328
2025/08/28	8208
2025/08/20	3347
2025/08/19	6755
2025/08/18	7623
2025/08/18	7958
2025/07/30	6550
2025/07/28	4267
2025/07/28	9479
2025/07/17	7408
2025/07/17	9787
2025/07/11	8886
2025/07/09	9384
2025/07/02	4173
2025/06/27	8905
2025/06/20	4304
2025/06/19	2397
2025/06/19	9070
2025/06/17	8038
2025/06/17	3978
2025/06/17	5585
2025/06/16	4298
2025/06/16	7386
2025/06/13	6715
2025/06/11	4435
2025/06/09	6131
2025/06/06	6967
2025/06/02	2107
2025/05/29	3458
2025/05/29	6697
2025/05/28	7559
2025/05/26	6319
2025/05/16	9749
2025/05/14	9852
2025/05/14	3604
2025/05/13	9161
2025/05/12	2372
2025/05/09	5277
2025/04/30	3666
2025/04/25	3264
2025/04/23	5481
2025/04/23	9260
2025/03/28	3254
2025/03/28	7268
2025/03/21	1973
2025/03/21	5935
2025/03/19	9522
2025/03/18	7518
2025/03/17	1730
2025/03/11	5610
2025/03/10	6640
2025/03/04	8890
2025/03/04	7342
2025/03/03	3738
2025/02/26	8215
2025/02/25	3857
2025/02/19	9675
2025/02/17	3990
2025/02/12	1439
2025/02/10	3322
2025/02/10	8732
2025/02/06	6164
2025/01/31	4955
2025/01/30	4295
2025/01/30	187A
2025/01/30	1775
2025/01/30	3275
2025/01/24	8114
2025/01/24	2715
2025/01/15	9058
2025/01/07	4485
2025/01/07	9232
2025/01/07	8072
2024/12/28	5759
2024/12/26	2754
2024/12/24	6362
2024/12/18	4921
2024/12/17	9055
2024/12/12	2487
2024/12/06	4268
2024/11/28	8182
2024/11/19	6698
2024/11/19	1451
2024/11/12	8155
2024/11/07	5809
2024/11/05	5395
2024/10/30	4824
2024/10/30	8889
2024/10/29	4215
2024/10/18	7647
2024/10/16	6236
2024/10/16	4348
2024/10/15	2599
2024/10/09	9099
2024/09/27	2468
2024/09/27	2899
2024/09/27	4770
2024/09/27	7086
2024/09/27	1789
2024/09/27	1805
2024/09/27	5217
2024/09/27	7705
2024/09/27	8462
2024/09/18	9873
2024/09/17	9078
2024/09/11	9717
2024/09/06	4726
2024/09/03	6789
2024/09/02	4781
2024/08/29	6704
2024/08/23	7676
2024/07/29	9919
2024/07/24	2651
2024/07/17	6938
2024/07/16	4930
2024/07/09	7816
2024/06/27	7829
2024/06/27	4748
2024/06/25	4185
2024/06/11	6556
2024/06/10	4489
2024/06/06	2427
2024/06/06	2812
2024/05/30	9995
2024/05/30	3244
2024/05/27	5127
2024/05/20	2412
2024/05/17	9783
2024/05/02	9977
2024/04/26	1971
2024/04/25	4636
2024/04/25	7338
2024/04/24	1739
2024/04/23	8925
2024/04/17	5781
2024/04/09	4581
2024/04/05	9637
2024/04/02	8842
2024/03/28	3995
2024/03/28	2309
2024/03/28	8903
2024/03/28	8068
2024/03/28	2987
2024/03/28	7330
2024/03/28	8140
2024/03/28	8893
2024/03/25	7315
2024/03/25	2453
2024/03/19	5212
2024/03/19	6567
2024/03/18	4837
2024/03/11	4987
2024/03/07	8854
2024/02/16	6188
2024/02/15	3784
2024/02/09	4312
2024/02/08	6618
2024/02/08	3852
2024/02/07	3677
2024/01/31	6121
2024/01/30	6192
2024/01/30	7899
2024/01/29	9263
2024/01/29	2402
2024/01/10	7298
2024/01/06	8256
2024/01/04	8168
2023/12/30	1400
2023/12/28	4963
2023/12/21	7905
2023/12/20	6502
2023/12/13	4621
2023/12/01	4739
2023/11/27	4200
2023/11/01	3228
2023/10/30	3316
2023/10/27	7671
2023/10/27	7618
2023/10/26	6881
2023/10/25	4355
2023/10/18	4423
2023/09/28	8303
2023/09/28	3464
2023/09/28	6461
2023/09/28	6462
2023/09/28	6569
2023/09/28	8369
2023/09/26	2706
2023/08/30	3085
2023/08/21	9967
2023/08/04	3782
2023/07/28	6032
2023/07/27	4708
2023/07/19	4327
2023/06/29	1954
2023/06/29	6067
2023/06/29	6172
2023/06/21	9810
2023/06/19	5104
2023/06/12	5999
2023/06/09	6924
2023/06/05	5128
2023/05/30	8521
2023/05/30	7961
2023/05/19	9734
2023/05/10	2777
2023/05/02	8096
2023/04/30	9318
2023/04/27	8249
2023/04/27	6641
2023/03/30	3999
2023/03/30	9728
2023/03/29	4541
2023/03/22	6355
2023/03/17	9422
2023/03/16	7895
2023/03/06	2761
2023/03/01	7339
2023/02/27	6205
2023/02/24	9086
2023/02/24	9945
2023/02/07	6303
2023/02/07	3966
2023/01/30	3528
2023/01/26	6409
2023/01/25	5807
2023/01/25	9964
2023/01/20	4653
2022/12/29	9631
2022/12/29	5486
2022/12/26	3906
2022/12/22	8909
2022/12/21	3578
2022/12/20	6826
2022/12/16	6175
2022/12/13	5008
2022/11/29	6815
2022/11/11	4550
2022/11/09	7070
2022/10/31	3919
2022/10/28	3356
2022/09/29	2352
2022/09/29	3390
2022/09/29	7838
2022/09/29	8355
2022/09/29	8382
2022/09/29	8385
2022/09/29	8527
2022/09/29	8530
2022/09/01	2159
2022/08/30	9014
2022/08/30	2925
2022/08/29	2773
2022/08/26	9375
2022/08/23	2191
2022/08/22	5964
2022/08/22	2178
2022/08/17	2176
2022/07/28	4999
2022/07/28	5907
2022/07/28	7945
2022/07/27	5387
2022/07/21	2905
2022/07/15	9641
2022/07/13	7169
2022/06/16	6916
2022/06/07	2406
2022/06/02	2729
2022/05/30	3960
2022/05/30	9179
2022/05/27	4699
2022/05/19	1352
2022/05/09	6553
2022/05/06	9176
2022/04/28	6639
2022/04/26	8806
2022/04/26	4962
2022/04/25	1413
2022/04/19	7045
2022/04/12	7365
2022/03/30	4764
2022/03/30	7748
2022/03/30	8342
2022/03/30	8350
2022/03/29	1448
2022/03/29	5358
2022/03/29	1881
2022/03/29	7597
2022/03/28	7697
2022/03/23	1737
2022/03/23	8922
2022/03/16	7758
2022/03/11	9695
2022/02/28	9358
2022/02/28	6541
2022/02/25	8287
2022/02/25	3956
2022/02/25	7862
2022/02/24	4336
2022/02/17	8740
2022/02/14	6271
2022/02/08	6575
2022/02/02	3658
2022/01/18	3376
2022/01/13	7855
2021/12/29	9062
2021/12/29	9966
2021/12/10	3408
2021/12/03	9909
2021/11/02	2174
2021/10/28	4342
2021/10/28	6299
2021/09/29	3098
2021/09/29	1824
2021/09/29	1883
2021/09/29	2151
2021/09/29	4364
2021/09/29	4399
2021/09/29	4497
2021/09/29	5690
2021/09/29	6281
2021/09/29	7594
2021/09/29	7688
2021/09/29	8087
2021/09/29	8108
2021/09/29	8356
2021/09/29	8363
2021/09/29	8397
2021/09/29	9266
2021/09/29	9624
2021/09/28	3975
2021/09/27	3751
2021/09/17	4282
2021/09/14	7959
2021/09/14	4115
2021/08/31	7587
2021/08/30	8186
2021/08/30	3515
2021/08/26	6839
2021/08/01	6628
2021/07/29	6414
2021/07/29	6709
2021/07/29	8298
2021/07/29	4952
2021/07/28	4517
2021/07/28	1728
2021/07/28	4669
2021/07/26	7519
2021/07/21	8090
2021/07/20	3125
2021/07/12	9797
2021/06/30	3689
2021/06/29	3630
2021/06/29	6531
2021/06/29	7190
2021/06/28	4696
2021/06/18	6077
2021/06/17	2398
2021/06/10	9707
2021/06/07	4734
2021/05/28	9829
2021/05/28	2675
2021/05/24	1782
2021/04/26	9758
2021/04/26	7869
2021/04/23	9681
2021/03/30	2362
2021/03/30	7321
2021/03/30	7768
2021/03/30	8586
2021/03/30	3344
2021/03/30	4514
2021/03/30	4555
2021/03/30	5912
2021/03/30	6064
2021/03/30	6187
2021/03/30	7448
2021/03/30	7577
2021/03/25	8257
2021/03/24	8184
2021/03/23	9671
2021/03/22	6852
2021/03/22	6944
2021/03/22	4640
2021/03/17	4321
2021/02/17	5614
2021/02/12	2714
2021/01/28	6722
2021/01/19	4779
2021/01/13	4557
2021/01/06	3194
2020/12/29	3938
2020/12/25	9437
2020/12/24	6945
2020/11/27	8589
2020/11/12	8028
2020/11/11	7251
2020/11/11	7274
2020/11/11	7230
2020/11/05	9792
2020/10/28	7703
2020/10/20	3564
2020/10/03	7612
2020/09/29	7323
2020/09/29	8379
2020/09/29	8709
2020/09/25	2608
2020/08/31	8729
2020/08/28	3171
2020/08/26	6065
2020/07/30	7873
2020/07/29	8692
2020/07/28	3424
2020/07/10	7891
2020/06/29	8885
2020/06/19	4217
2020/06/18	3258
2020/06/18	8044
2020/06/16	3606
2020/06/05	6889
2020/06/02	3756
2020/06/01	2417
2020/05/25	6274
2020/05/18	8036
2020/04/20	7404
2020/04/17	9277
2020/04/15	9826
2020/03/30	6256
2020/03/30	3250
2020/03/30	7591
2020/03/29	6112
2020/03/27	1906
2020/03/26	4695
2020/03/18	8251
2020/03/17	3209
2020/03/16	4585
2020/03/09	2405
2020/02/27	2655
2020/02/27	7465
2020/02/27	3711
2020/02/27	4508
2020/02/27	6591
2020/02/18	9943
2020/01/27	1983
2020/01/23	7834
2020/01/21	3822
2020/01/09	3545
2020/01/07	9836
2019/12/30	1722
2019/12/23	8205
2019/11/08	4239
2019/11/07	1865
2019/11/01	9674
2019/10/03	8686
2019/09/27	6624
2019/09/27	2144
2019/09/18	4033
2019/08/29	6097
2019/08/29	9992
2019/08/29	8703
2019/08/29	3385
2019/08/23	2703
2019/08/05	6985
2019/07/30	7913
2019/07/30	9899
2019/07/30	6747
2019/07/30	6300
2019/07/23	5456
2019/07/10	3165
2019/06/18	3794
2019/05/29	3230
2019/04/22	4924
2019/04/18	4291
2019/04/18	3724
2019/03/27	9957
2019/03/27	8396
2019/03/27	5002
2019/03/27	6773
2019/03/25	6796
2019/03/19	3366
2019/03/13	6079
2019/03/07	5758
2019/02/26	3654
2019/02/18	2228
2019/02/12	8191
2019/02/01	8423
2019/01/28	2458
2019/01/25	6478
2019/01/22	8840
2019/01/08	8933
2018/12/26	1987
2018/12/26	5413
2018/12/26	6816
2018/12/26	6972
2018/12/04	7889
2018/12/03	8685
2018/11/27	3754
2018/11/20	6719
2018/10/26	6534
2018/10/22	8274
2018/10/12	1868
2018/10/12	8851
2018/09/26	1931
2018/09/26	1933
2018/09/26	1935
2018/09/26	1937
2018/09/26	1956
2018/09/26	1989
2018/09/26	1408
2018/09/26	1916
2018/09/26	3313
2018/09/26	3685
2018/09/26	3742
2018/09/26	4656
2018/09/26	4775
2018/09/26	5289
2018/09/26	6084
2018/09/26	6895
2018/09/26	8324
2018/09/26	8325
2018/09/26	8201
2018/09/18	1984
2018/09/03	6636
2018/08/29	1919
2018/08/29	6911
2018/08/06	2719
2018/07/30	5453
2018/07/27	2538
2018/07/23	1606
2018/06/27	6669
2018/06/27	3669
2018/06/27	6314
2018/06/22	9133
2018/05/08	4117
2018/04/25	8787
2018/04/24	6716
2018/03/28	5815
2018/03/28	8374
2018/03/28	8529
2018/03/28	8543
2018/03/28	8545
2018/03/20	1846
2018/03/19	8148
2018/03/16	7517
2018/03/16	9747
2018/03/09	6756
2018/02/01	8519
2018/02/01	2008
2018/01/29	4793
2018/01/29	9370
2018/01/23	7260
2017/12/29	9764
2017/12/27	7825
2017/12/25	4965
2017/12/18	2772
2017/11/28	3022
2017/10/27	3318
2017/09/27	6751
2017/09/27	1924
2017/09/11	6397
2017/09/07	1896
2017/08/10	4842
2017/07/27	2145
2017/07/27	6791
2017/07/27	7968
2017/07/27	7312
2017/07/24	6581
2017/07/06	8245
2017/06/28	8175
2017/06/02	8870
2017/05/29	7853
2017/05/29	7920
2017/05/08	7248
2017/05/02	9373
2017/05/01	8648
2017/04/28	8625
2017/04/26	2611
2017/04/26	4989
2017/03/29	2580
2017/03/29	5012
2017/03/28	3832
2017/03/23	2131
2017/03/22	6860
2017/02/24	3734
2017/02/10	8170
2017/02/06	6935
2017/01/30	6163
2017/01/24	6767
2017/01/20	8728
2017/01/16	2400
2017/01/16	7432
